,Jugador,País,Posc,Edad,90 s,Tkl,TklG,3.º def.,3.º cent.,3.º ataq.,Tkl,Att,Tkl%,Pérdida,Bloqueos,Dis,Pases,Int,Tkl+Int,Desp.,Err,Partidos
0,Federico Valverde,uy URU,CC,25-233,25.4,38.0,28,17.0,12.0,9.0,21.0,30.0,70.0,9.0,28.0,2.0,26.0,34,72.0,26.0,0.0,Partidos
1,Antonio Rüdiger,de GER,DF,31-008,23.0,19.0,13,13.0,2.0,4.0,14.0,18.0,77.8,4.0,22.0,17.0,5.0,10,29.0,63.0,0.0,Partidos
2,Rodrygo,br BRA,DL,23-062,21.5,11.0,10,2.0,7.0,2.0,2.0,14.0,14.3,12.0,12.0,0.0,12.0,7,18.0,3.0,0.0,Partidos
3,Jude Bellingham,eng ENG,"CC,DL",20-256,20.7,31.0,26,10.0,15.0,6.0,10.0,25.0,40.0,15.0,41.0,5.0,36.0,19,50.0,12.0,0.0,Partidos
4,Toni Kroos,de GER,CC,34-067,19.1,46.0,28,17.0,22.0,7.0,21.0,48.0,43.8,27.0,20.0,4.0,16.0,12,58.0,8.0,1.0,Partidos
5,Dani Carvajal,es ESP,DF,32-060,18.3,40.0,25,23.0,13.0,4.0,19.0,36.0,52.8,17.0,22.0,8.0,14.0,20,60.0,35.0,3.0,Partidos
6,Vinicius Júnior,br BRA,DL,23-243,16.1,15.0,10,5.0,4.0,6.0,2.0,10.0,20.0,8.0,11.0,0.0,11.0,1,16.0,3.0,2.0,Partidos
7,Aurélien Tchouaméni,fr FRA,"CC,DF",24-044,17.1,29.0,17,17.0,11.0,1.0,7.0,13.0,53.8,6.0,17.0,10.0,7.0,22,51.0,39.0,1.0,Partidos
8,Andriy Lunin,ua UKR,PO,25-029,16.0,0.0,0,0.0,0.0,0.0,0.0,1.0,0.0,1.0,0.0,0.0,0.0,0,0.0,9.0,0.0,Partidos
9,Ferland Mendy,fr FRA,DF,28-277,14.2,12.0,7,9.0,2.0,1.0,8.0,11.0,72.7,3.0,9.0,2.0,7.0,12,24.0,20.0,1.0,Partidos
10,Eduardo Camavinga,fr FRA,"CC,DF",21-122,14.3,52.0,31,23.0,24.0,5.0,18.0,27.0,66.7,9.0,27.0,5.0,22.0,21,73.0,17.0,1.0,Partidos
11,David Alaba,at AUT,DF,31-261,12.8,13.0,9,7.0,5.0,1.0,4.0,8.0,50.0,4.0,10.0,7.0,3.0,15,28.0,34.0,0.0,Partidos
12,Nacho,es ESP,DF,34-053,12.9,13.0,8,5.0,6.0,2.0,5.0,10.0,50.0,5.0,14.0,8.0,6.0,11,24.0,33.0,0.0,Partidos
13,Luka Modrić,hr CRO,CC,38-184,12.7,17.0,11,9.0,3.0,5.0,7.0,14.0,50.0,7.0,9.0,3.0,6.0,17,34.0,7.0,0.0,Partidos
14,Kepa Arrizabalaga,es ESP,PO,29-160,12.0,0.0,0,0.0,0.0,0.0,0.0,1.0,0.0,1.0,0.0,0.0,0.0,0,0.0,4.0,0.0,Partidos
15,Fran Garcia,es ESP,DF,24-210,11.4,15.0,10,5.0,8.0,2.0,7.0,19.0,36.8,12.0,11.0,2.0,9.0,15,30.0,16.0,1.0,Partidos
16,Brahim Díaz,es ESP,"DL,CC",24-221,11.3,21.0,14,2.0,12.0,7.0,5.0,11.0,45.5,6.0,10.0,0.0,10.0,3,24.0,1.0,0.0,Partidos
17,Joselu,es ESP,DL,33-350,13.4,5.0,3,1.0,3.0,1.0,0.0,4.0,0.0,4.0,7.0,0.0,7.0,5,10.0,10.0,0.0,Partidos
18,Lucas Vázquez,es ESP,DF,32-254,11.2,26.0,19,15.0,10.0,1.0,12.0,17.0,70.6,5.0,20.0,4.0,16.0,8,34.0,27.0,0.0,Partidos
19,Dani Ceballos,es ESP,"CC,DL",27-217,2.6,4.0,3,1.0,3.0,0.0,1.0,4.0,25.0,3.0,5.0,1.0,4.0,0,4.0,2.0,0.0,Partidos
20,Éder Militão,br BRA,DF,26-053,0.5,0.0,0,0.0,0.0,0.0,0.0,0.0,,0.0,1.0,0.0,1.0,0,0.0,1.0,0.0,Partidos
21,Arda Güler,tr TUR,"DL,CC",19-015,0.3,2.0,2,1.0,1.0,0.0,2.0,2.0,100.0,0.0,0.0,0.0,0.0,0,2.0,0.0,0.0,Partidos
22,Nicolás Paz,ar ARG,"CC,DL",19-185,0.3,0.0,0,0.0,0.0,0.0,0.0,0.0,,0.0,2.0,0.0,2.0,1,1.0,0.0,0.0,Partidos
23,Gonzalo García,es ESP,"DL,CC",19-353,0.2,0.0,0,0.0,0.0,0.0,0.0,1.0,0.0,1.0,1.0,1.0,0.0,0,0.0,1.0,0.0,Partidos
24,Álvaro Muñoz,uy URU,DL,19-241,0.0,0.0,0,0.0,0.0,0.0,0.0,0.0,,0.0,0.0,0.0,0.0,0,0.0,1.0,0.0,Partidos
25,Total del equipo,,,28.0,28.0,409.0,274,182.0,163.0,64.0,165.0,324.0,50.9,159.0,299.0,79.0,220.0,233,642.0,372.0,10.0,
26,Total del oponente,,,27.8,28.0,517.0,290,298.0,163.0,56.0,292.0,589.0,49.6,297.0,288.0,111.0,177.0,209,726.0,554.0,11.0,
27,Paulo Gazzaniga,ar ARG,PO,32-069,28.0,2.0,2,2.0,0.0,0.0,2.0,3.0,66.7,1.0,0.0,0.0,0.0,0,2.0,10.0,1.0,Partidos
28,Aleix García,es ESP,CC,26-257,26.8,38.0,22,12.0,21.0,5.0,21.0,39.0,53.8,18.0,35.0,13.0,22.0,30,68.0,43.0,3.0,Partidos
29,Miguel Gutiérrez,es ESP,"DF,CC",22-228,26.7,25.0,16,9.0,12.0,4.0,11.0,29.0,37.9,18.0,21.0,10.0,11.0,18,43.0,55.0,2.0,Partidos
30,Sávio,br BRA,"CC,DL",19-336,25.1,33.0,22,10.0,18.0,5.0,10.0,19.0,52.6,9.0,26.0,0.0,26.0,14,47.0,10.0,1.0,Partidos
31,Iván Martín,es ESP,"CC,DL",25-026,21.7,37.0,20,18.0,13.0,6.0,19.0,46.0,41.3,27.0,19.0,2.0,17.0,15,52.0,12.0,0.0,Partidos
32,Daley Blind,nl NED,DF,34-002,23.0,32.0,13,20.0,11.0,1.0,19.0,31.0,61.3,12.0,30.0,13.0,17.0,16,48.0,90.0,0.0,Partidos
33,Artem Dovbyk,ua UKR,DL,26-264,19.3,3.0,2,2.0,0.0,1.0,0.0,1.0,0.0,1.0,7.0,1.0,6.0,0,3.0,15.0,0.0,Partidos
34,Eric García,es ESP,DF,23-062,19.6,30.0,21,17.0,10.0,3.0,18.0,27.0,66.7,9.0,20.0,12.0,8.0,22,52.0,51.0,2.0,Partidos
35,Viktor Tsyhankov,ua UKR,"CC,DL",26-117,17.9,26.0,17,9.0,12.0,5.0,13.0,24.0,54.2,11.0,13.0,1.0,12.0,10,36.0,20.0,0.0,Partidos
36,Yan Couto,br BRA,"DF,CC",21-282,19.1,35.0,24,19.0,11.0,5.0,16.0,33.0,48.5,17.0,12.0,2.0,10.0,6,41.0,27.0,1.0,Partidos
37,Yangel Herrera,ve VEN,CC,26-057,16.8,45.0,24,17.0,23.0,5.0,20.0,42.0,47.6,22.0,21.0,6.0,15.0,16,61.0,34.0,0.0,Partidos
38,David López,es ESP,"DF,CC",34-154,15.0,25.0,18,15.0,10.0,0.0,11.0,14.0,78.6,3.0,18.0,13.0,5.0,16,41.0,44.0,1.0,Partidos
39,Arnau Martinez,es ESP,DF,20-321,11.0,21.0,14,14.0,6.0,1.0,12.0,26.0,46.2,14.0,11.0,4.0,7.0,10,31.0,34.0,2.0,Partidos
40,Portu,es ESP,"CC,DL",31-295,8.9,14.0,10,1.0,9.0,4.0,3.0,13.0,23.1,10.0,7.0,1.0,6.0,1,15.0,3.0,0.0,Partidos
41,Cristhian Stuani,uy URU,DL,37-151,8.1,14.0,11,4.0,6.0,4.0,4.0,7.0,57.1,3.0,9.0,2.0,7.0,5,19.0,12.0,0.0,Partidos
42,Juanpe,es ESP,DF,32-316,6.7,6.0,4,5.0,1.0,0.0,5.0,6.0,83.3,1.0,15.0,11.0,4.0,6,12.0,40.0,1.0,Partidos
43,Pablo Torre,es ESP,"CC,DL",20-343,5.6,4.0,1,0.0,4.0,0.0,3.0,9.0,33.3,6.0,8.0,2.0,6.0,4,8.0,5.0,1.0,Partidos
44,Valery Fernández,es ESP,"CC,DF",24-109,5.0,9.0,7,4.0,5.0,0.0,4.0,6.0,66.7,2.0,6.0,1.0,5.0,1,10.0,3.0,0.0,Partidos
45,Jhon Solis,co COL,CC,19-160,2.8,6.0,4,2.0,3.0,1.0,2.0,7.0,28.6,5.0,7.0,3.0,4.0,4,10.0,5.0,0.0,Partidos
46,Antal Yaakobishvili,hu HUN,DF,19-243,0.7,2.0,1,1.0,1.0,0.0,1.0,1.0,100.0,0.0,0.0,0.0,0.0,3,5.0,3.0,0.0,Partidos
47,Ibrahima Kebe,ml MLI,CC,23-222,0.1,1.0,1,0.0,1.0,0.0,0.0,0.0,,0.0,1.0,0.0,1.0,1,2.0,0.0,0.0,Partidos
48,Bernardo Espinosa,co COL,DF,34-244,0.0,1.0,1,1.0,0.0,0.0,1.0,1.0,100.0,0.0,0.0,0.0,0.0,0,1.0,2.0,0.0,Partidos
49,Silvi Clúa,es ESP,CC,19-042,0.0,2.0,0,2.0,0.0,0.0,2.0,2.0,100.0,0.0,1.0,0.0,1.0,0,2.0,0.0,0.0,Partidos
50,Jastin García,es ESP,CC,20-056,0.0,0.0,0,0.0,0.0,0.0,0.0,0.0,,0.0,0.0,0.0,0.0,0,0.0,0.0,0.0,Partidos
51,Total del equipo,,,26.6,28.0,411.0,255,184.0,177.0,50.0,197.0,386.0,51.0,189.0,287.0,97.0,190.0,198,609.0,518.0,15.0,
52,Total del oponente,,,28.0,28.0,488.0,305,219.0,182.0,87.0,216.0,465.0,46.5,249.0,276.0,79.0,197.0,217,705.0,459.0,8.0,
53,İlkay Gündoğan,de GER,CC,33-139,25.3,20.0,13,9.0,10.0,1.0,7.0,24.0,29.2,17.0,16.0,2.0,14.0,18,38.0,13.0,0.0,Partidos
54,Robert Lewandowski,pl POL,DL,35-203,23.0,7.0,5,0.0,6.0,1.0,3.0,8.0,37.5,5.0,10.0,4.0,6.0,5,12.0,15.0,0.0,Partidos
55,Jules Koundé,fr FRA,DF,25-120,22.9,26.0,17,16.0,7.0,3.0,19.0,35.0,54.3,16.0,22.0,9.0,13.0,20,46.0,72.0,4.0,Partidos
56,João Cancelo,pt POR,DF,29-289,20.8,50.0,34,23.0,19.0,8.0,33.0,49.0,67.3,16.0,26.0,6.0,20.0,20,70.0,48.0,1.0,Partidos
57,Andreas Christensen,dk DEN,"DF,CC",27-336,17.5,16.0,10,7.0,9.0,0.0,11.0,19.0,57.9,8.0,15.0,5.0,10.0,17,33.0,36.0,0.0,Partidos
58,Frenkie de Jong,nl NED,CC,26-304,17.7,42.0,26,14.0,23.0,5.0,8.0,19.0,42.1,11.0,18.0,8.0,10.0,13,55.0,28.0,1.0,Partidos
59,Marc-André ter Stegen,de GER,PO,31-316,18.0,0.0,0,0.0,0.0,0.0,0.0,0.0,,0.0,0.0,0.0,0.0,0,0.0,3.0,1.0,Partidos
60,Ronald Araújo,uy URU,DF,25-004,17.9,23.0,18,10.0,12.0,1.0,8.0,12.0,66.7,4.0,18.0,9.0,9.0,9,32.0,53.0,2.0,Partidos
61,João Félix,pt POR,DL,24-122,13.4,18.0,13,9.0,4.0,5.0,6.0,16.0,37.5,10.0,13.0,1.0,12.0,8,26.0,6.0,0.0,Partidos
62,Alejandro Balde,es ESP,DF,20-145,15.3,20.0,11,11.0,6.0,3.0,7.0,11.0,63.6,4.0,14.0,1.0,13.0,5,25.0,21.0,1.0,Partidos
63,Lamine Yamal,es ESP,DL,16-242,16.4,46.0,30,24.0,12.0,10.0,14.0,34.0,41.2,20.0,22.0,0.0,22.0,15,61.0,11.0,0.0,Partidos
64,Pedri,es ESP,"CC,DL",21-107,12.1,22.0,18,12.0,8.0,2.0,6.0,20.0,30.0,14.0,24.0,2.0,22.0,10,32.0,6.0,0.0,Partidos
65,Raphinha,br BRA,"DL,CC",27-088,10.1,11.0,5,4.0,6.0,1.0,3.0,13.0,23.1,10.0,11.0,0.0,11.0,7,18.0,6.0,0.0,Partidos
66,Gavi,es ESP,"CC,DL",19-219,10.5,39.0,21,20.0,14.0,5.0,18.0,36.0,50.0,18.0,19.0,3.0,16.0,8,47.0,16.0,1.0,Partidos
67,Ferrán Torres,es ESP,DL,24-011,10.4,7.0,5,1.0,4.0,2.0,5.0,14.0,35.7,9.0,5.0,0.0,5.0,3,10.0,4.0,0.0,Partidos
68,Iñaki Peña,es ESP,PO,25-009,10.0,0.0,0,0.0,0.0,0.0,0.0,1.0,0.0,1.0,0.0,0.0,0.0,0,0.0,5.0,1.0,Partidos
69,Oriol Romeu,es ESP,CC,32-169,8.4,26.0,17,14.0,11.0,1.0,11.0,18.0,61.1,7.0,9.0,2.0,7.0,9,35.0,15.0,0.0,Partidos
70,Iñigo Martínez,es ESP,DF,32-299,8.8,7.0,5,6.0,1.0,0.0,3.0,4.0,75.0,1.0,10.0,9.0,1.0,7,14.0,40.0,0.0,Partidos
71,Pau Cubarsí,es ESP,DF,17-049,8.1,17.0,10,15.0,2.0,0.0,9.0,10.0,90.0,1.0,9.0,7.0,2.0,7,24.0,30.0,0.0,Partidos
72,Fermin López,es ESP,"CC,DL",20-305,8.9,24.0,13,9.0,11.0,4.0,8.0,25.0,32.0,17.0,8.0,0.0,8.0,2,26.0,5.0,0.0,Partidos
73,Sergi Roberto,es ESP,"CC,DF",32-033,4.0,5.0,4,1.0,4.0,0.0,2.0,4.0,50.0,2.0,1.0,1.0,0.0,2,7.0,1.0,0.0,Partidos
74,Marcos Alonso,es ESP,DF,33-074,1.8,5.0,3,2.0,3.0,0.0,3.0,4.0,75.0,1.0,2.0,0.0,2.0,4,9.0,3.0,0.0,Partidos
75,Vitor Roque,br BRA,DL,19-012,2.2,2.0,1,1.0,0.0,1.0,0.0,1.0,0.0,1.0,3.0,0.0,3.0,0,2.0,4.0,0.0,Partidos
76,Héctor Fort,es ESP,DF,17-222,1.1,2.0,1,2.0,0.0,0.0,2.0,5.0,40.0,3.0,0.0,0.0,0.0,2,4.0,1.0,0.0,Partidos
77,Marc Guiu,es ESP,"DL,CC",18-067,0.8,1.0,0,0.0,1.0,0.0,0.0,0.0,,0.0,0.0,0.0,0.0,0,1.0,0.0,0.0,Partidos
78,Abdessamad Ezzalzouli,ma MAR,"DL,CC",22-085,0.8,1.0,1,0.0,0.0,1.0,0.0,1.0,0.0,1.0,1.0,0.0,1.0,0,1.0,0.0,0.0,Partidos
79,Eric García,es ESP,DF,23-062,0.6,0.0,0,0.0,0.0,0.0,0.0,0.0,,0.0,1.0,1.0,0.0,0,0.0,0.0,0.0,Partidos
80,Ansu Fati,es ESP,"CC,DL",21-132,0.6,0.0,0,0.0,0.0,0.0,0.0,1.0,0.0,1.0,0.0,0.0,0.0,0,0.0,0.0,0.0,Partidos
81,Total del equipo,,,26.6,28.0,437.0,281,210.0,173.0,54.0,186.0,384.0,48.4,198.0,277.0,70.0,207.0,191,628.0,442.0,12.0,
82,Total del oponente,,,27.6,28.0,463.0,282,242.0,157.0,64.0,236.0,530.0,44.5,294.0,337.0,125.0,212.0,247,710.0,589.0,5.0,
83,Jan Oblak,si SVN,PO,31-064,28.0,0.0,0,0.0,0.0,0.0,0.0,0.0,,0.0,0.0,0.0,0.0,0,0.0,7.0,0.0,Partidos
84,Axel Witsel,be BEL,DF,35-059,23.7,26.0,15,16.0,10.0,0.0,12.0,18.0,66.7,6.0,35.0,21.0,14.0,11,37.0,90.0,0.0,Partidos
85,Mario Hermoso,es ESP,DF,28-267,22.6,38.0,21,22.0,13.0,3.0,22.0,42.0,52.4,20.0,23.0,8.0,15.0,24,62.0,74.0,0.0,Partidos
86,Antoine Griezmann,fr FRA,"DL,CC",32-356,21.6,24.0,13,7.0,12.0,5.0,10.0,31.0,32.3,21.0,24.0,2.0,22.0,9,33.0,16.0,0.0,Partidos
87,Koke,es ESP,CC,32-063,18.6,50.0,35,21.0,23.0,6.0,30.0,58.0,51.7,28.0,25.0,9.0,16.0,13,63.0,19.0,1.0,Partidos
88,Marcos Llorente,es ESP,"CC,DF",29-041,20.8,25.0,15,13.0,9.0,3.0,11.0,32.0,34.4,21.0,27.0,9.0,18.0,10,35.0,27.0,0.0,Partidos
89,Álvaro Morata,es ESP,DL,31-140,18.5,11.0,6,2.0,5.0,4.0,2.0,2.0,100.0,0.0,16.0,3.0,13.0,1,12.0,23.0,0.0,Partidos
90,Rodrigo De Paul,ar ARG,CC,29-292,16.8,26.0,18,8.0,12.0,6.0,12.0,31.0,38.7,19.0,21.0,1.0,20.0,9,35.0,14.0,1.0,Partidos
91,Samuel Lino,br BRA,DF,24-079,15.7,45.0,25,27.0,10.0,8.0,29.0,47.0,61.7,18.0,25.0,0.0,25.0,10,55.0,21.0,0.0,Partidos
92,Nahuel Molina,ar ARG,DF,25-340,16.5,29.0,19,12.0,15.0,2.0,18.0,39.0,46.2,21.0,15.0,2.0,13.0,8,37.0,31.0,1.0,Partidos
93,Stefan Savić,me MNE,DF,33-063,13.1,18.0,13,9.0,6.0,3.0,8.0,20.0,40.0,12.0,26.0,14.0,12.0,23,41.0,45.0,1.0,Partidos
94,Saúl Ñíguez,es ESP,CC,29-111,13.5,58.0,34,25.0,28.0,5.0,28.0,43.0,65.1,15.0,35.0,9.0,26.0,13,71.0,50.0,0.0,Partidos
95,Pablo Barrios,es ESP,CC,20-270,12.6,34.0,18,12.0,21.0,1.0,15.0,32.0,46.9,17.0,18.0,1.0,17.0,22,56.0,18.0,2.0,Partidos
96,Rodrigo Riquelme,es ESP,"DF,CC",23-344,11.7,18.0,10,12.0,2.0,4.0,12.0,36.0,33.3,24.0,14.0,0.0,14.0,6,24.0,13.0,0.0,Partidos
97,César Azpilicueta,es ESP,DF,34-196,10.6,20.0,12,11.0,8.0,1.0,10.0,16.0,62.5,6.0,19.0,4.0,15.0,12,32.0,32.0,0.0,Partidos
98,José María Giménez,uy URU,DF,29-051,8.7,13.0,6,7.0,5.0,1.0,4.0,9.0,44.4,5.0,7.0,6.0,1.0,8,21.0,49.0,0.0,Partidos
99,Memphis,nl NED,DL,30-027,8.1,5.0,2,0.0,3.0,2.0,3.0,5.0,60.0,2.0,1.0,0.0,1.0,1,6.0,0.0,0.0,Partidos
100,Ángel Correa,ar ARG,"DL,CC",29-002,9.8,13.0,9,3.0,4.0,6.0,3.0,12.0,25.0,9.0,8.0,0.0,8.0,1,14.0,0.0,0.0,Partidos
101,Reinildo Mandava,mz MOZ,DF,30-050,4.6,15.0,13,8.0,7.0,0.0,10.0,10.0,100.0,0.0,8.0,2.0,6.0,9,24.0,15.0,0.0,Partidos
102,Gabriel Paulista,br BRA,DF,33-106,4.0,6.0,4,3.0,3.0,0.0,2.0,3.0,66.7,1.0,5.0,3.0,2.0,4,10.0,22.0,0.0,Partidos
103,Yannick Carrasco,be BEL,DF,30-189,2.5,4.0,4,3.0,1.0,0.0,2.0,7.0,28.6,5.0,2.0,0.0,2.0,1,5.0,6.0,0.0,Partidos
104,Thomas Lemar,fr FRA,CC,28-120,1.8,3.0,1,2.0,1.0,0.0,1.0,2.0,50.0,1.0,0.0,0.0,0.0,0,3.0,0.0,0.0,Partidos
105,Çağlar Söyüncü,tr TUR,DF,27-293,1.3,1.0,1,1.0,0.0,0.0,0.0,0.0,,0.0,1.0,0.0,1.0,1,2.0,7.0,0.0,Partidos
106,Arthur Vermeeren,be BEL,CC,19-033,0.9,1.0,0,0.0,1.0,0.0,0.0,1.0,0.0,1.0,3.0,0.0,3.0,5,6.0,1.0,0.0,Partidos
107,Javi Galán,es ESP,DF,29-113,1.0,5.0,4,2.0,2.0,1.0,4.0,5.0,80.0,1.0,1.0,0.0,1.0,1,6.0,3.0,0.0,Partidos
108,Salim El Jebari,ma MAR,CC,20-035,0.1,1.0,0,0.0,1.0,0.0,0.0,0.0,,0.0,0.0,0.0,0.0,0,1.0,1.0,0.0,Partidos
109,Total del equipo,,,29.8,28.0,489.0,298,226.0,202.0,61.0,248.0,501.0,49.5,253.0,359.0,94.0,265.0,202,691.0,584.0,6.0,
110,Total del oponente,,,27.6,28.0,412.0,251,196.0,146.0,70.0,176.0,414.0,42.5,238.0,314.0,73.0,241.0,217,629.0,548.0,14.0,
111,Unai Simón,es ESP,PO,26-274,28.0,2.0,1,1.0,1.0,0.0,2.0,3.0,66.7,1.0,0.0,0.0,0.0,1,3.0,9.0,0.0,Partidos
112,Daniel Vivian,es ESP,DF,24-240,24.7,33.0,23,26.0,7.0,0.0,22.0,35.0,62.9,13.0,43.0,20.0,23.0,21,54.0,82.0,0.0,Partidos
113,Gorka Guruzeta,es ESP,DL,27-181,20.7,27.0,17,4.0,21.0,2.0,7.0,23.0,30.4,16.0,26.0,2.0,24.0,16,43.0,21.0,0.0,Partidos
114,Aitor Paredes,es ESP,DF,23-317,23.7,12.0,9,6.0,6.0,0.0,5.0,11.0,45.5,6.0,20.0,10.0,10.0,22,34.0,84.0,0.0,Partidos
115,Iñaki Williams,gh GHA,DL,29-270,23.6,20.0,14,5.0,7.0,8.0,11.0,26.0,42.3,15.0,34.0,7.0,27.0,12,32.0,23.0,0.0,Partidos
116,Oihan Sancet,es ESP,CC,23-321,18.9,17.0,11,3.0,8.0,6.0,6.0,17.0,35.3,11.0,5.0,1.0,4.0,7,24.0,4.0,0.0,Partidos
117,Nico Williams,es ESP,DL,21-243,18.0,24.0,10,9.0,9.0,6.0,11.0,28.0,39.3,17.0,13.0,2.0,11.0,3,27.0,4.0,0.0,Partidos
118,Iñigo Ruiz de Galarreta,es ESP,CC,30-218,18.2,43.0,27,13.0,23.0,7.0,22.0,42.0,52.4,20.0,14.0,3.0,11.0,10,53.0,16.0,0.0,Partidos
119,Óscar de Marcos,es ESP,DF,34-332,18.5,52.0,36,25.0,21.0,6.0,38.0,61.0,62.3,23.0,22.0,5.0,17.0,10,62.0,27.0,0.0,Partidos
120,Yuri Berchiche,es ESP,DF,34-030,16.7,24.0,19,10.0,11.0,3.0,14.0,24.0,58.3,10.0,18.0,5.0,13.0,17,41.0,49.0,0.0,Partidos
121,Iñigo Lekue,es ESP,DF,30-312,15.0,30.0,14,19.0,8.0,3.0,20.0,42.0,47.6,22.0,17.0,2.0,15.0,8,38.0,35.0,0.0,Partidos
122,Mikel Vesga,es ESP,CC,30-295,13.9,29.0,13,7.0,19.0,3.0,15.0,43.0,34.9,28.0,12.0,4.0,8.0,25,54.0,27.0,1.0,Partidos
123,Álex Berenguer,es ESP,DL,28-251,12.3,16.0,9,6.0,6.0,4.0,3.0,18.0,16.7,15.0,20.0,0.0,20.0,4,20.0,10.0,0.0,Partidos
124,Beñat Prados,es ESP,"CC,DF",23-032,9.8,27.0,16,8.0,14.0,5.0,15.0,33.0,45.5,18.0,17.0,1.0,16.0,11,38.0,20.0,0.0,Partidos
125,Ander Herrera,es ESP,CC,34-210,8.8,38.0,27,9.0,24.0,5.0,17.0,30.0,56.7,13.0,9.0,1.0,8.0,14,52.0,12.0,0.0,Partidos
126,Yeray Álvarez,es ESP,DF,29-047,7.2,9.0,7,7.0,2.0,0.0,5.0,7.0,71.4,2.0,6.0,4.0,2.0,9,18.0,20.0,0.0,Partidos
127,Dani García,es ESP,CC,33-292,5.8,10.0,5,1.0,5.0,4.0,8.0,18.0,44.4,10.0,7.0,1.0,6.0,6,16.0,6.0,0.0,Partidos
128,Unai Gómez,es ESP,CC,20-291,5.6,10.0,9,1.0,5.0,4.0,4.0,7.0,57.1,3.0,8.0,1.0,7.0,1,11.0,6.0,0.0,Partidos
129,Imanol,es ESP,DF,23-277,4.4,5.0,4,0.0,4.0,1.0,3.0,12.0,25.0,9.0,6.0,0.0,6.0,6,11.0,8.0,0.0,Partidos
130,Iker Muniain,es ESP,"CC,DL",31-083,4.4,4.0,0,1.0,3.0,0.0,1.0,1.0,100.0,0.0,3.0,0.0,3.0,0,4.0,0.0,0.0,Partidos
131,Asier Villalibre,es ESP,DL,26-163,3.8,2.0,1,0.0,0.0,2.0,2.0,2.0,100.0,0.0,1.0,0.0,1.0,0,2.0,4.0,0.0,Partidos
132,Adu Ares,es ESP,"DL,CC",22-151,1.7,7.0,4,3.0,2.0,2.0,2.0,3.0,66.7,1.0,1.0,0.0,1.0,1,8.0,0.0,0.0,Partidos
133,Raúl García,es ESP,"DL,CC",37-244,2.2,3.0,3,1.0,2.0,0.0,2.0,5.0,40.0,3.0,4.0,0.0,4.0,2,5.0,5.0,0.0,Partidos
134,Mikel Jauregizar,es ESP,CC,20-120,0.7,,0,,,,,,,,,,,0,,,,Partidos
135,Peru Nolaskoain,es ESP,"DF,CC",25-138,0.1,1.0,1,1.0,0.0,0.0,1.0,1.0,100.0,0.0,0.0,0.0,0.0,0,1.0,1.0,0.0,Partidos
136,Total del equipo,,,28.0,28.0,445.0,280,166.0,208.0,71.0,236.0,492.0,48.0,256.0,306.0,69.0,237.0,206,651.0,473.0,1.0,
137,Total del oponente,,,27.5,28.0,522.0,307,265.0,217.0,40.0,245.0,492.0,49.8,247.0,300.0,85.0,215.0,277,799.0,629.0,21.0,
138,Álex Remiro,es ESP,PO,28-353,26.4,0.0,0,0.0,0.0,0.0,0.0,0.0,,0.0,0.0,0.0,0.0,0,0.0,17.0,2.0,Partidos
139,Martín Zubimendi,es ESP,CC,25-038,25.7,42.0,23,14.0,26.0,2.0,19.0,34.0,55.9,15.0,28.0,7.0,21.0,33,75.0,50.0,0.0,Partidos
140,Igor Zubeldia,es ESP,DF,26-347,24.0,28.0,21,20.0,7.0,1.0,17.0,23.0,73.9,6.0,24.0,16.0,8.0,29,57.0,90.0,3.0,Partidos
141,Brais Méndez,es ESP,"CC,DL",27-064,22.0,35.0,23,11.0,16.0,8.0,12.0,38.0,31.6,26.0,18.0,3.0,15.0,8,43.0,14.0,0.0,Partidos
142,Robin Le Normand,es ESP,DF,27-121,20.5,25.0,19,15.0,10.0,0.0,14.0,24.0,58.3,10.0,22.0,13.0,9.0,24,49.0,74.0,1.0,Partidos
143,Hamari Traoré,ml MLI,DF,32-044,19.1,34.0,17,19.0,13.0,2.0,19.0,34.0,55.9,15.0,18.0,4.0,14.0,18,52.0,43.0,1.0,Partidos
144,Takefusa Kubo,jp JPN,"DL,CC",22-281,18.7,18.0,14,10.0,5.0,3.0,6.0,16.0,37.5,10.0,19.0,2.0,17.0,9,27.0,6.0,1.0,Partidos
145,Mikel Merino,es ESP,CC,27-263,18.6,42.0,24,17.0,17.0,8.0,16.0,32.0,50.0,16.0,27.0,9.0,18.0,9,51.0,39.0,3.0,Partidos
146,Mikel Oyarzabal,es ESP,"DL,CC",26-325,16.1,18.0,14,6.0,8.0,4.0,6.0,18.0,33.3,12.0,18.0,3.0,15.0,4,22.0,10.0,0.0,Partidos
147,Ander Barrenetxea,es ESP,"DL,CC",22-075,11.0,22.0,12,3.0,13.0,6.0,7.0,21.0,33.3,14.0,9.0,1.0,8.0,5,27.0,3.0,0.0,Partidos
148,Beñat Turrientes,es ESP,CC,22-040,11.9,24.0,13,4.0,16.0,4.0,10.0,22.0,45.5,12.0,11.0,4.0,7.0,3,27.0,11.0,0.0,Partidos
149,Umar Sadiq,ng NGA,DL,27-038,11.7,14.0,9,2.0,7.0,5.0,4.0,8.0,50.0,4.0,8.0,0.0,8.0,0,14.0,10.0,0.0,Partidos
150,Aihen Muñoz,es ESP,DF,26-208,12.5,36.0,21,20.0,10.0,6.0,24.0,35.0,68.6,11.0,16.0,8.0,8.0,9,45.0,33.0,0.0,Partidos
151,Kieran Tierney,sct SCO,DF,26-280,10.2,30.0,19,14.0,15.0,1.0,16.0,24.0,66.7,8.0,18.0,6.0,12.0,10,40.0,30.0,0.0,Partidos
152,Arsen Zakharyan,ru RUS,"CC,DL",20-290,8.6,15.0,12,7.0,8.0,0.0,6.0,12.0,50.0,6.0,14.0,0.0,14.0,1,16.0,6.0,0.0,Partidos
153,Jon Pacheco,es ESP,DF,23-063,10.2,14.0,7,13.0,1.0,0.0,7.0,13.0,53.8,6.0,12.0,5.0,7.0,5,19.0,31.0,1.0,Partidos
154,André Silva,pt POR,DL,28-126,5.8,2.0,2,0.0,0.0,2.0,0.0,3.0,0.0,3.0,3.0,0.0,3.0,1,3.0,2.0,0.0,Partidos
155,Javi Galán,es ESP,DF,29-113,5.6,19.0,12,7.0,9.0,3.0,7.0,14.0,50.0,7.0,13.0,1.0,12.0,9,28.0,5.0,1.0,Partidos
156,Carlos Fernández,es ESP,DL,27-294,4.5,11.0,7,3.0,6.0,2.0,0.0,2.0,0.0,2.0,4.0,0.0,4.0,0,11.0,5.0,0.0,Partidos
157,Aritz Elustondo,es ESP,DF,29-349,5.5,6.0,4,1.0,4.0,1.0,5.0,8.0,62.5,3.0,6.0,5.0,1.0,5,11.0,15.0,0.0,Partidos
158,Jon Aramburu,ve VEN,DF,21-232,4.8,14.0,9,8.0,4.0,2.0,10.0,14.0,71.4,4.0,6.0,3.0,3.0,5,19.0,15.0,0.0,Partidos
159,Álvaro Odriozola,es ESP,DF,28-088,1.2,1.0,0,0.0,1.0,0.0,0.0,0.0,,0.0,1.0,1.0,0.0,4,5.0,2.0,0.0,Partidos
160,Olasagasti,es ESP,CC,23-208,3.5,14.0,12,3.0,7.0,4.0,4.0,7.0,57.1,3.0,2.0,0.0,2.0,3,17.0,5.0,1.0,Partidos
161,Urko González,es ESP,CC,22-357,1.7,4.0,1,0.0,3.0,1.0,2.0,2.0,100.0,0.0,1.0,0.0,1.0,0,4.0,6.0,0.0,Partidos
162,Mohamed Ali Cho,fr FRA,"DL,CC",20-052,2.8,4.0,3,3.0,1.0,0.0,2.0,7.0,28.6,5.0,6.0,0.0,6.0,1,5.0,1.0,0.0,Partidos
163,Unai Marrero,es ESP,PO,22-154,1.6,0.0,0,0.0,0.0,0.0,0.0,0.0,,0.0,0.0,0.0,0.0,0,0.0,0.0,0.0,Partidos
164,Sheraldo Becker,sr SUR,"CC,DL",29-031,1.6,0.0,0,0.0,0.0,0.0,0.0,0.0,,0.0,1.0,0.0,1.0,0,0.0,0.0,0.0,Partidos
165,Jon Magunacelaya,es ESP,"DL,CC",23-242,1.3,5.0,3,2.0,3.0,0.0,4.0,7.0,57.1,3.0,2.0,0.0,2.0,0,5.0,2.0,0.0,Partidos
166,Alex Sola,es ESP,"DF,CC",24-276,0.3,0.0,0,0.0,0.0,0.0,0.0,0.0,,0.0,0.0,0.0,0.0,1,1.0,2.0,0.0,Partidos
167,Alberto Dadie,es ESP,CC,21-235,0.3,2.0,1,2.0,0.0,0.0,0.0,0.0,,0.0,1.0,0.0,1.0,0,2.0,0.0,0.0,Partidos
168,Total del equipo,,,26.4,28.0,479.0,302,204.0,210.0,65.0,217.0,418.0,51.9,201.0,308.0,91.0,217.0,196,675.0,527.0,14.0,
169,Total del oponente,,,28.1,28.0,489.0,282,236.0,206.0,47.0,215.0,461.0,46.6,246.0,298.0,85.0,213.0,213,702.0,628.0,6.0,
170,Germán Pezzella,ar ARG,DF,32-258,25.1,29.0,20,20.0,9.0,0.0,19.0,32.0,59.4,13.0,27.0,16.0,11.0,27,56.0,129.0,0.0,Partidos
171,Isco,es ESP,CC,31-325,20.5,29.0,19,9.0,17.0,3.0,10.0,28.0,35.7,18.0,16.0,1.0,15.0,8,37.0,7.0,0.0,Partidos
172,Marc Roca,es ESP,CC,27-106,20.2,49.0,34,16.0,27.0,6.0,28.0,49.0,57.1,21.0,27.0,5.0,22.0,16,65.0,21.0,1.0,Partidos
173,Rui Silva,pt POR,PO,30-033,18.5,0.0,0,0.0,0.0,0.0,0.0,3.0,0.0,3.0,0.0,0.0,0.0,1,1.0,7.0,1.0,Partidos
174,Ayoze Pérez,es ESP,DL,30-226,16.7,37.0,22,10.0,23.0,4.0,12.0,28.0,42.9,16.0,29.0,2.0,27.0,17,54.0,12.0,0.0,Partidos
175,Héctor Bellerín,es ESP,DF,28-358,16.4,28.0,19,11.0,13.0,4.0,16.0,43.0,37.2,27.0,11.0,5.0,6.0,19,47.0,35.0,1.0,Partidos
176,Willian José,br BRA,DL,32-109,15.8,6.0,2,1.0,2.0,3.0,1.0,3.0,33.3,2.0,8.0,2.0,6.0,1,7.0,14.0,0.0,Partidos
177,Chadi Riad,ma MAR,DF,20-268,15.5,24.0,15,12.0,12.0,0.0,11.0,19.0,57.9,8.0,15.0,8.0,7.0,13,37.0,70.0,0.0,Partidos
178,Guido Rodríguez,ar ARG,CC,29-334,13.3,23.0,13,13.0,7.0,3.0,17.0,33.0,51.5,16.0,18.0,3.0,15.0,18,41.0,31.0,0.0,Partidos
179,Juan Miranda,es ESP,DF,24-052,13.2,24.0,14,11.0,9.0,4.0,11.0,20.0,55.0,9.0,20.0,4.0,16.0,12,36.0,46.0,0.0,Partidos
180,Abner,br BRA,DF,23-289,12.9,20.0,17,12.0,7.0,1.0,14.0,28.0,50.0,14.0,21.0,4.0,17.0,11,31.0,51.0,0.0,Partidos
181,Assane Diao,es ESP,DL,18-186,11.4,19.0,11,5.0,8.0,6.0,5.0,16.0,31.3,11.0,22.0,4.0,18.0,7,26.0,7.0,0.0,Partidos
182,Rodri,es ESP,"DL,CC",23-300,9.6,14.0,8,5.0,7.0,2.0,8.0,19.0,42.1,11.0,9.0,0.0,9.0,7,21.0,2.0,0.0,Partidos
183,Aitor Ruibal,es ESP,"DF,DL",27-355,8.6,38.0,21,23.0,12.0,3.0,27.0,50.0,54.0,23.0,8.0,1.0,7.0,11,49.0,23.0,0.0,Partidos
184,Sokratis Papastathopoulos,gr GRE,DF,35-276,7.8,10.0,4,6.0,4.0,0.0,6.0,8.0,75.0,2.0,11.0,7.0,4.0,6,16.0,44.0,0.0,Partidos
185,Claudio Bravo,cl CHI,PO,40-333,7.0,0.0,0,0.0,0.0,0.0,0.0,1.0,0.0,1.0,0.0,0.0,0.0,0,0.0,2.0,0.0,Partidos
186,Johnny Cardoso,us USA,CC,22-173,6.9,23.0,15,11.0,9.0,3.0,10.0,15.0,66.7,5.0,11.0,4.0,7.0,18,41.0,18.0,0.0,Partidos
187,Luiz Henrique,br BRA,DL,23-069,6.8,15.0,11,4.0,10.0,1.0,9.0,14.0,64.3,5.0,11.0,0.0,11.0,5,20.0,8.0,0.0,Partidos
188,Nabil Fekir,fr FRA,"CC,DL",30-237,6.5,10.0,6,3.0,5.0,2.0,4.0,7.0,57.1,3.0,6.0,0.0,6.0,5,15.0,1.0,0.0,Partidos
189,Youssouf Sabaly,sn SEN,DF,31-006,6.0,10.0,7,7.0,2.0,1.0,4.0,5.0,80.0,1.0,5.0,2.0,3.0,7,17.0,18.0,0.0,Partidos
190,Sergi Altimira,es ESP,CC,22-199,5.6,15.0,8,8.0,6.0,1.0,11.0,22.0,50.0,11.0,12.0,1.0,11.0,8,23.0,10.0,0.0,Partidos
191,Abdessamad Ezzalzouli,ma MAR,DL,22-085,7.6,11.0,10,3.0,5.0,3.0,4.0,11.0,36.4,7.0,8.0,0.0,8.0,4,15.0,3.0,0.0,Partidos
192,Pablo Fornals,es ESP,"DL,CC",28-018,5.0,3.0,3,0.0,2.0,1.0,2.0,4.0,50.0,2.0,7.0,0.0,7.0,9,12.0,2.0,1.0,Partidos
193,Andrés Guardado,mx MEX,CC,37-165,5.0,17.0,12,5.0,9.0,3.0,7.0,14.0,50.0,7.0,4.0,2.0,2.0,6,23.0,5.0,0.0,Partidos
194,Borja Iglesias,es ESP,DL,31-054,4.5,0.0,0,0.0,0.0,0.0,0.0,3.0,0.0,3.0,0.0,0.0,0.0,2,2.0,2.0,0.0,Partidos
195,Luiz Felipe,it ITA,DF,26-355,4.0,7.0,3,5.0,2.0,0.0,4.0,5.0,80.0,1.0,10.0,4.0,6.0,4,11.0,16.0,0.0,Partidos
196,Ezequiel Ávila,ar ARG,DL,30-034,3.1,2.0,1,0.0,2.0,0.0,1.0,2.0,50.0,1.0,2.0,0.0,2.0,1,3.0,4.0,0.0,Partidos
197,William Carvalho,pt POR,CC,31-339,5.7,16.0,9,7.0,7.0,2.0,8.0,12.0,66.7,4.0,4.0,1.0,3.0,5,21.0,4.0,0.0,Partidos
198,Marc Bartra,es ESP,DF,33-056,2.5,4.0,3,3.0,1.0,0.0,4.0,5.0,80.0,1.0,3.0,1.0,2.0,3,7.0,10.0,0.0,Partidos
199,Francisco Barbosa,es ESP,PO,24-309,2.5,0.0,0,0.0,0.0,0.0,0.0,0.0,,0.0,0.0,0.0,0.0,0,0.0,2.0,0.0,Partidos
200,Juan Cruz,es ESP,DL,23-321,0.8,0.0,0,0.0,0.0,0.0,0.0,1.0,0.0,1.0,0.0,0.0,0.0,0,0.0,0.0,0.0,Partidos
201,Ricardo Visus,es ESP,DF,22-322,0.8,,0,,,,,,,,,,,1,,,,Partidos
202,Pablo Busto,es ESP,DF,18-178,0.5,1.0,1,0.0,0.0,1.0,1.0,1.0,100.0,0.0,0.0,0.0,0.0,1,2.0,3.0,0.0,Partidos
203,Paul Akouokou,ci CIV,CC,26-082,0.3,5.0,3,0.0,2.0,3.0,3.0,3.0,100.0,0.0,3.0,1.0,2.0,1,6.0,1.0,0.0,Partidos
204,Cédric Bakambu,cd COD,DL,32-335,0.3,0.0,0,0.0,0.0,0.0,0.0,0.0,,0.0,1.0,0.0,1.0,0,0.0,0.0,0.0,Partidos
205,Total del equipo,,,28.4,28.0,489.0,311,210.0,219.0,60.0,257.0,504.0,51.0,247.0,330.0,79.0,251.0,254,743.0,612.0,4.0,
206,Total del oponente,,,27.8,28.0,564.0,344,248.0,264.0,52.0,260.0,548.0,47.4,288.0,352.0,108.0,244.0,227,791.0,510.0,4.0,
207,Giorgi Mamardashvili,ge GEO,PO,23-164,27.0,2.0,2,2.0,0.0,0.0,2.0,2.0,100.0,0.0,0.0,0.0,0.0,0,2.0,14.0,2.0,Partidos
208,José Luis García Vayá,es ESP,CC,25-213,26.7,64.0,45,32.0,26.0,6.0,30.0,53.0,56.6,23.0,32.0,8.0,24.0,31,95.0,50.0,0.0,Partidos
209,Hugo Duro,es ESP,DL,24-122,24.9,12.0,7,3.0,6.0,3.0,7.0,23.0,30.4,16.0,19.0,3.0,16.0,4,16.0,19.0,0.0,Partidos
210,Francisco Perez,es ESP,"CC,DL",21-184,19.5,30.0,17,10.0,14.0,6.0,15.0,41.0,36.6,26.0,17.0,0.0,17.0,11,41.0,5.0,0.0,Partidos
211,Cristhian Mosquera,co COL,DF,19-258,23.2,34.0,20,19.0,13.0,2.0,17.0,28.0,60.7,11.0,25.0,10.0,15.0,25,59.0,103.0,2.0,Partidos
212,José Luis Gayà,es ESP,DF,28-291,19.0,70.0,36,44.0,22.0,4.0,42.0,66.0,63.6,24.0,17.0,3.0,14.0,10,80.0,42.0,0.0,Partidos
213,Diego López,es ESP,"DL,CC",21-303,19.2,25.0,15,6.0,12.0,7.0,8.0,36.0,22.2,28.0,14.0,0.0,14.0,11,36.0,8.0,0.0,Partidos
214,Javier Guerra,es ESP,"CC,DL",21-070,19.4,35.0,16,17.0,12.0,6.0,14.0,40.0,35.0,26.0,19.0,3.0,16.0,10,45.0,29.0,0.0,Partidos
215,Thierry Correia,pt POR,DF,25-002,15.9,44.0,28,27.0,14.0,3.0,23.0,40.0,57.5,17.0,20.0,7.0,13.0,28,72.0,44.0,0.0,Partidos
216,Gabriel Paulista,br BRA,DF,33-106,15.5,10.0,7,8.0,2.0,0.0,6.0,11.0,54.5,5.0,15.0,7.0,8.0,24,34.0,78.0,0.0,Partidos
217,Dimitri Foulquier,fr FRA,"DF,CC",30-354,14.3,29.0,16,17.0,9.0,3.0,15.0,21.0,71.4,6.0,7.0,0.0,7.0,10,39.0,34.0,1.0,Partidos
218,Mouctar Diakhaby,gn GUI,"DF,CC",27-083,11.9,18.0,11,9.0,9.0,0.0,11.0,13.0,84.6,2.0,17.0,7.0,10.0,11,29.0,62.0,0.0,Partidos
219,Cenk Özkacar,tr TUR,DF,23-157,9.7,13.0,8,10.0,3.0,0.0,9.0,16.0,56.3,7.0,10.0,4.0,6.0,9,22.0,49.0,1.0,Partidos
220,Sergi Canós,es ESP,"CC,DL",27-038,8.5,17.0,8,6.0,7.0,4.0,5.0,13.0,38.5,8.0,9.0,1.0,8.0,7,24.0,4.0,0.0,Partidos
221,Hugo Guillamón,es ESP,CC,24-040,11.3,20.0,12,5.0,12.0,3.0,10.0,15.0,66.7,5.0,5.0,3.0,2.0,9,29.0,24.0,1.0,Partidos
222,Roman Yaremchuk,ua UKR,DL,28-105,7.7,5.0,2,1.0,2.0,2.0,3.0,5.0,60.0,2.0,4.0,0.0,4.0,1,6.0,7.0,0.0,Partidos
223,Selim Amallah,ma MAR,"DL,CC",27-117,6.5,17.0,12,7.0,7.0,3.0,3.0,9.0,33.3,6.0,13.0,0.0,13.0,10,27.0,6.0,0.0,Partidos
224,Domingos André Ribeiro Almeida,pt POR,"DL,CC",23-286,5.3,11.0,6,3.0,6.0,2.0,5.0,10.0,50.0,5.0,4.0,0.0,4.0,2,13.0,2.0,0.0,Partidos
225,Jesus Vazquez,es ESP,"DF,CC",21-069,3.3,9.0,3,6.0,2.0,1.0,5.0,7.0,71.4,2.0,7.0,1.0,6.0,0,9.0,4.0,0.0,Partidos
226,Yarek Hernandis,es ESP,DF,19-059,3.2,,7,,,,,,,,,,,7,,,,Partidos
227,Pablo Gozalbez,es ESP,"CC,DL",22-316,1.1,1.0,0,0.0,0.0,1.0,1.0,6.0,16.7,5.0,0.0,0.0,0.0,1,2.0,2.0,0.0,Partidos
228,Peter González,do DOM,"CC,DL",21-230,1.1,1.0,1,0.0,0.0,1.0,0.0,3.0,0.0,3.0,3.0,0.0,3.0,0,1.0,2.0,0.0,Partidos
229,Alberto Marí,es ESP,"DL,CC",22-244,0.6,2.0,1,0.0,1.0,1.0,1.0,1.0,100.0,0.0,0.0,0.0,0.0,0,2.0,1.0,0.0,Partidos
230,Hugo González,es ESP,"CC,DL",21-033,0.6,2.0,1,0.0,2.0,0.0,0.0,0.0,,0.0,0.0,0.0,0.0,0,2.0,0.0,0.0,Partidos
231,Mario Dominguez,es ESP,DL,20-030,0.3,0.0,0,0.0,0.0,0.0,0.0,0.0,,0.0,0.0,0.0,0.0,0,0.0,0.0,0.0,Partidos
232,César Tárrega,es ESP,DF,22-014,0.1,0.0,0,0.0,0.0,0.0,0.0,0.0,,0.0,0.0,0.0,0.0,0,0.0,2.0,0.0,Partidos
233,Total del equipo,,,24.8,27.0,471.0,281,232.0,181.0,58.0,232.0,459.0,50.5,227.0,257.0,57.0,200.0,221,692.0,591.0,7.0,
234,Total del oponente,,,27.8,27.0,448.0,288,218.0,171.0,59.0,205.0,405.0,50.6,200.0,289.0,59.0,230.0,197,645.0,447.0,7.0,
235,Álvaro Vallés,es ESP,PO,26-230,28.0,2.0,1,2.0,0.0,0.0,2.0,7.0,28.6,5.0,0.0,0.0,0.0,0,2.0,35.0,1.0,Partidos
236,Kirian Rodríguez,es ESP,CC,28-006,25.7,37.0,25,17.0,15.0,5.0,17.0,53.0,32.1,36.0,29.0,3.0,26.0,17,54.0,19.0,1.0,Partidos
237,Mika Màrmol,es ESP,DF,21-253,25.5,50.0,31,31.0,18.0,1.0,24.0,34.0,70.6,10.0,31.0,15.0,16.0,29,79.0,120.0,2.0,Partidos
238,Munir El Haddadi,ma MAR,DL,28-192,22.9,33.0,21,15.0,14.0,4.0,15.0,35.0,42.9,20.0,19.0,1.0,18.0,10,43.0,12.0,0.0,Partidos
239,Sergi Cardona,es ESP,DF,24-247,25.1,72.0,44,41.0,24.0,7.0,46.0,79.0,58.2,33.0,35.0,7.0,28.0,40,112.0,85.0,0.0,Partidos
240,Javier Muñoz,es ESP,CC,29-012,22.5,31.0,16,11.0,14.0,6.0,13.0,35.0,37.1,22.0,32.0,3.0,29.0,14,45.0,18.0,1.0,Partidos
241,Álex Suárez,es ESP,DF,30-359,19.8,40.0,25,22.0,14.0,4.0,24.0,27.0,88.9,3.0,23.0,11.0,12.0,13,53.0,69.0,0.0,Partidos
242,Saúl Coco,gq EQG,DF,25-031,18.4,21.0,13,16.0,5.0,0.0,7.0,12.0,58.3,5.0,20.0,13.0,7.0,15,36.0,92.0,3.0,Partidos
243,Máximo Perrone,ar ARG,CC,21-064,14.2,37.0,19,16.0,19.0,2.0,17.0,32.0,53.1,15.0,18.0,3.0,15.0,24,61.0,19.0,0.0,Partidos
244,Enzo Loiodice,fr FRA,CC,23-105,15.3,43.0,25,11.0,23.0,9.0,12.0,32.0,37.5,20.0,16.0,2.0,14.0,11,54.0,13.0,1.0,Partidos
245,Sandro Ramírez,es ESP,DL,28-246,13.3,8.0,7,2.0,5.0,1.0,3.0,8.0,37.5,5.0,11.0,1.0,10.0,1,9.0,9.0,1.0,Partidos
246,Alberto Moleiro,es ESP,"DL,CC",20-163,11.4,8.0,5,4.0,3.0,1.0,5.0,21.0,23.8,16.0,7.0,0.0,7.0,6,14.0,8.0,0.0,Partidos
247,Julian Araujo,mx MEX,DF,22-211,13.5,33.0,18,22.0,6.0,5.0,19.0,29.0,65.5,10.0,20.0,14.0,6.0,10,43.0,45.0,1.0,Partidos
248,Marvin,es ESP,"DL,DF",23-252,13.2,26.0,18,12.0,11.0,3.0,12.0,24.0,50.0,12.0,15.0,2.0,13.0,8,34.0,13.0,0.0,Partidos
249,Jonathan Viera,es ESP,"CC,DL",34-142,6.9,6.0,3,1.0,2.0,3.0,1.0,9.0,11.1,8.0,0.0,0.0,0.0,0,6.0,1.0,0.0,Partidos
250,Sory Kaba,gn GUI,DL,28-227,6.6,1.0,0,0.0,1.0,0.0,0.0,5.0,0.0,5.0,4.0,0.0,4.0,0,1.0,8.0,0.0,Partidos
251,Marc Cardona,es ESP,DL,28-247,6.0,6.0,5,3.0,1.0,2.0,1.0,8.0,12.5,7.0,5.0,0.0,5.0,1,7.0,7.0,0.0,Partidos
252,Francisco Jesús Crespo García,es ESP,DL,27-226,5.4,12.0,8,3.0,6.0,3.0,6.0,18.0,33.3,12.0,4.0,0.0,4.0,2,14.0,5.0,0.0,Partidos
253,Daley Sinkgraven,nl NED,DF,28-251,2.9,7.0,4,3.0,4.0,0.0,1.0,6.0,16.7,5.0,2.0,1.0,1.0,3,10.0,7.0,0.0,Partidos
254,Juan Herzog,es ESP,DF,20-303,2.2,5.0,4,4.0,1.0,0.0,3.0,5.0,60.0,2.0,3.0,0.0,3.0,2,7.0,13.0,0.0,Partidos
255,Álvaro Lemos,es ESP,DF,30-347,2.2,4.0,1,1.0,3.0,0.0,0.0,1.0,0.0,1.0,3.0,1.0,2.0,2,6.0,4.0,0.0,Partidos
256,Cristian Herrera,es ESP,"DL,CC",32-364,1.7,1.0,1,0.0,1.0,0.0,1.0,2.0,50.0,1.0,1.0,0.0,1.0,0,1.0,2.0,0.0,Partidos
257,José Campaña,es ESP,CC,30-285,1.1,2.0,2,1.0,1.0,0.0,0.0,2.0,0.0,2.0,2.0,1.0,1.0,1,3.0,0.0,0.0,Partidos
258,Eric Curbelo,es ESP,DF,30-057,1.0,2.0,1,1.0,1.0,0.0,1.0,2.0,50.0,1.0,3.0,1.0,2.0,2,4.0,5.0,1.0,Partidos
259,Omenuke Mfulu,cd COD,"CC,DL",29-357,0.9,4.0,3,3.0,1.0,0.0,0.0,1.0,0.0,1.0,1.0,1.0,0.0,2,6.0,5.0,0.0,Partidos
260,Benito Ramírez,es ESP,"DL,CC",28-244,1.9,4.0,2,1.0,3.0,0.0,2.0,4.0,50.0,2.0,4.0,1.0,3.0,1,5.0,0.0,0.0,Partidos
261,Iñaki González,es ESP,CC,19-228,0.1,1.0,0,1.0,0.0,0.0,0.0,0.0,,0.0,0.0,0.0,0.0,0,1.0,1.0,0.0,Partidos
262,Fabio González,es ESP,CC,27-028,0.0,0.0,0,0.0,0.0,0.0,0.0,0.0,,0.0,0.0,0.0,0.0,0,0.0,0.0,0.0,Partidos
263,Total del equipo,,,26.2,28.0,496.0,302,244.0,196.0,56.0,232.0,491.0,47.3,259.0,308.0,81.0,227.0,214,710.0,615.0,12.0,
264,Total del oponente,,,27.9,28.0,474.0,297,198.0,221.0,55.0,211.0,441.0,47.8,230.0,314.0,75.0,239.0,246,720.0,478.0,5.0,
265,David García,es ESP,DF,30-026,24.7,27.0,18,19.0,7.0,1.0,15.0,25.0,60.0,10.0,40.0,19.0,21.0,16,43.0,113.0,2.0,Partidos
266,Ante Budimir,hr CRO,DL,32-233,23.7,19.0,14,2.0,11.0,6.0,3.0,11.0,27.3,8.0,14.0,5.0,9.0,4,23.0,15.0,0.0,Partidos
267,Sergio Herrera,es ESP,PO,30-280,23.9,1.0,1,1.0,0.0,0.0,1.0,2.0,50.0,1.0,0.0,0.0,0.0,0,1.0,16.0,2.0,Partidos
268,Aimar Oroz,es ESP,CC,22-105,23.1,40.0,25,16.0,19.0,5.0,13.0,36.0,36.1,23.0,24.0,2.0,22.0,13,53.0,10.0,0.0,Partidos
269,Jesús Areso,es ESP,DF,24-253,20.6,30.0,14,16.0,10.0,4.0,19.0,24.0,79.2,5.0,25.0,9.0,16.0,12,42.0,45.0,0.0,Partidos
270,Catena,es ESP,DF,29-135,19.7,22.0,12,16.0,5.0,1.0,10.0,24.0,41.7,14.0,17.0,11.0,6.0,11,33.0,90.0,2.0,Partidos
271,Rubén Peña,es ESP,"DF,DL",32-237,16.6,36.0,22,17.0,14.0,5.0,17.0,42.0,40.5,25.0,25.0,4.0,21.0,21,57.0,32.0,3.0,Partidos
272,Moi Gómez,es ESP,"CC,DL",29-262,17.1,28.0,17,7.0,17.0,4.0,9.0,23.0,39.1,14.0,11.0,1.0,10.0,9,37.0,16.0,0.0,Partidos
273,Lucas Torró,es ESP,CC,29-236,15.2,18.0,12,9.0,5.0,4.0,7.0,21.0,33.3,14.0,5.0,1.0,4.0,28,46.0,30.0,0.0,Partidos
274,Johan Mojica,co COL,"DF,DL",31-203,15.9,26.0,19,9.0,13.0,4.0,13.0,20.0,65.0,7.0,11.0,2.0,9.0,18,44.0,31.0,1.0,Partidos
275,Jon Moncayola,es ESP,CC,25-303,14.7,23.0,15,13.0,9.0,1.0,14.0,31.0,45.2,17.0,22.0,5.0,17.0,12,35.0,19.0,0.0,Partidos
276,Juan Cruz Armada,es ESP,DF,31-227,14.6,21.0,11,13.0,7.0,1.0,13.0,19.0,68.4,6.0,13.0,7.0,6.0,7,28.0,33.0,1.0,Partidos
277,Iker Muñoz,es ESP,CC,21-127,11.9,15.0,11,5.0,10.0,0.0,8.0,16.0,50.0,8.0,7.0,1.0,6.0,6,21.0,27.0,0.0,Partidos
278,Rubén García,es ESP,DL,30-241,10.6,15.0,11,2.0,9.0,4.0,5.0,19.0,26.3,14.0,17.0,3.0,14.0,8,23.0,10.0,0.0,Partidos
279,Ezequiel Ávila,ar ARG,"DL,CC",30-034,9.6,3.0,2,1.0,1.0,1.0,3.0,11.0,27.3,8.0,14.0,0.0,14.0,4,7.0,8.0,0.0,Partidos
280,Jorge Herrando,es ESP,DF,23-012,8.4,11.0,7,9.0,2.0,0.0,3.0,6.0,50.0,3.0,12.0,7.0,5.0,9,20.0,39.0,0.0,Partidos
281,Raúl,es ESP,DL,23-129,8.7,7.0,2,4.0,1.0,2.0,2.0,8.0,25.0,6.0,4.0,1.0,3.0,2,9.0,10.0,0.0,Partidos
282,Pablo Ibáñez,es ESP,CC,25-173,7.8,16.0,8,4.0,7.0,5.0,5.0,13.0,38.5,8.0,14.0,1.0,13.0,5,21.0,7.0,0.0,Partidos
283,José Arnaiz,es ESP,"DL,CC",28-331,6.4,9.0,5,3.0,3.0,3.0,2.0,14.0,14.3,12.0,7.0,0.0,7.0,3,12.0,1.0,0.0,Partidos
284,Unai García,es ESP,DF,32-037,4.9,11.0,8,8.0,2.0,1.0,5.0,6.0,83.3,1.0,5.0,1.0,4.0,6,17.0,14.0,0.0,Partidos
285,Aitor Fernández,es ESP,PO,32-313,4.1,0.0,0,0.0,0.0,0.0,0.0,1.0,0.0,1.0,0.0,0.0,0.0,0,0.0,2.0,1.0,Partidos
286,Kike Barja,es ESP,"DL,CC",26-345,3.4,6.0,2,2.0,2.0,2.0,3.0,8.0,37.5,5.0,2.0,1.0,1.0,2,8.0,2.0,0.0,Partidos
287,Nacho Vidal,es ESP,"DF,DL",29-047,1.1,5.0,4,2.0,2.0,1.0,2.0,5.0,40.0,3.0,2.0,0.0,2.0,0,5.0,6.0,0.0,Partidos
288,Darko Brašanac,rs SRB,CC,32-028,0.5,1.0,0,1.0,0.0,0.0,1.0,1.0,100.0,0.0,1.0,0.0,1.0,0,1.0,0.0,0.0,Partidos
289,Iñigo Arguibide,es ESP,DF,18-327,0.2,1.0,0,0.0,1.0,0.0,0.0,0.0,,0.0,0.0,0.0,0.0,0,1.0,1.0,0.0,Partidos
290,Total del equipo,,,28.6,28.0,391.0,240,179.0,157.0,55.0,173.0,386.0,44.8,213.0,292.0,81.0,211.0,196,587.0,577.0,12.0,
291,Total del oponente,,,27.5,28.0,372.0,243,211.0,131.0,30.0,176.0,344.0,51.2,168.0,312.0,80.0,232.0,217,589.0,684.0,5.0,
292,Filip Jørgensen,dk DEN,PO,21-330,27.0,3.0,1,3.0,0.0,0.0,3.0,4.0,75.0,1.0,0.0,0.0,0.0,2,5.0,9.0,3.0,Partidos
293,Alex Baena,es ESP,"CC,DL",22-235,20.8,23.0,14,6.0,10.0,7.0,12.0,33.0,36.4,21.0,16.0,2.0,14.0,10,33.0,9.0,1.0,Partidos
294,Gerard Moreno,es ESP,DL,31-339,21.3,22.0,10,9.0,6.0,7.0,9.0,21.0,42.9,12.0,21.0,7.0,14.0,6,28.0,23.0,0.0,Partidos
295,Daniel Parejo,es ESP,CC,34-330,20.9,33.0,23,13.0,19.0,1.0,15.0,34.0,44.1,19.0,13.0,4.0,9.0,12,45.0,25.0,3.0,Partidos
296,Alexander Sørloth,no NOR,DL,28-097,18.6,4.0,3,0.0,1.0,3.0,2.0,5.0,40.0,3.0,9.0,4.0,5.0,0,4.0,24.0,0.0,Partidos
297,Raúl Albiol,es ESP,DF,38-189,18.2,16.0,9,7.0,8.0,1.0,12.0,21.0,57.1,9.0,26.0,20.0,6.0,13,29.0,91.0,0.0,Partidos
298,Jorge Cuenca,es ESP,DF,24-115,16.6,31.0,24,21.0,8.0,2.0,15.0,23.0,65.2,8.0,23.0,13.0,10.0,17,48.0,104.0,0.0,Partidos
299,Étienne Capoue,fr FRA,CC,35-244,14.7,29.0,17,15.0,11.0,3.0,14.0,21.0,66.7,7.0,19.0,4.0,15.0,21,50.0,24.0,1.0,Partidos
300,Alberto Moreno,es ESP,"DF,CC",31-250,13.1,25.0,17,16.0,7.0,2.0,8.0,24.0,33.3,16.0,8.0,2.0,6.0,19,44.0,26.0,0.0,Partidos
301,Santi Comesaña,es ESP,CC,27-158,12.5,30.0,17,9.0,15.0,6.0,13.0,29.0,44.8,16.0,29.0,8.0,21.0,18,48.0,17.0,1.0,Partidos
302,Alfonso Pedraza,es ESP,DF,27-337,10.6,23.0,8,16.0,5.0,2.0,9.0,17.0,52.9,8.0,13.0,5.0,8.0,11,34.0,17.0,0.0,Partidos
303,Ilias Akhomach,es ESP,"CC,DL",19-330,12.7,30.0,19,10.0,14.0,6.0,9.0,14.0,64.3,5.0,9.0,2.0,7.0,9,39.0,9.0,0.0,Partidos
304,Juan Foyth,ar ARG,DF,26-059,11.8,26.0,15,18.0,8.0,0.0,12.0,27.0,44.4,15.0,17.0,4.0,13.0,12,38.0,44.0,0.0,Partidos
305,Adrià Altimira,es ESP,"DF,CC",22-349,8.6,16.0,7,9.0,6.0,1.0,9.0,24.0,37.5,15.0,18.0,5.0,13.0,5,21.0,18.0,0.0,Partidos
306,José Luis Morales,es ESP,"DL,CC",36-232,9.9,5.0,3,1.0,4.0,0.0,3.0,12.0,25.0,9.0,8.0,0.0,8.0,6,11.0,4.0,0.0,Partidos
307,Kiko Femenía,es ESP,DF,33-038,9.6,20.0,15,11.0,8.0,1.0,13.0,22.0,59.1,9.0,11.0,5.0,6.0,18,38.0,24.0,0.0,Partidos
308,Aïssa Mandi,dz ALG,DF,32-141,8.6,9.0,5,6.0,3.0,0.0,7.0,12.0,58.3,5.0,6.0,4.0,2.0,7,16.0,31.0,0.0,Partidos
309,Yeremi Pino,es ESP,"CC,DL",21-143,5.3,25.0,18,12.0,10.0,3.0,9.0,18.0,50.0,9.0,11.0,1.0,10.0,5,30.0,5.0,0.0,Partidos
310,Eric Bailly,ci CIV,DF,29-334,6.3,4.0,3,3.0,1.0,0.0,2.0,2.0,100.0,0.0,4.0,4.0,0.0,8,12.0,27.0,2.0,Partidos
311,Francis Coquelin,fr FRA,CC,32-303,6.3,10.0,5,2.0,7.0,1.0,3.0,8.0,37.5,5.0,10.0,3.0,7.0,14,24.0,14.0,0.0,Partidos
312,Matteo Gabbia,it ITA,DF,24-142,5.3,10.0,6,4.0,6.0,0.0,5.0,8.0,62.5,3.0,5.0,2.0,3.0,8,18.0,36.0,1.0,Partidos
313,Ramón Terrats,es ESP,CC,23-145,6.9,9.0,6,2.0,6.0,1.0,1.0,8.0,12.5,7.0,6.0,0.0,6.0,3,12.0,4.0,0.0,Partidos
314,Yerson Mosquera,co COL,DF,22-314,4.2,7.0,3,4.0,2.0,1.0,3.0,3.0,100.0,0.0,2.0,0.0,2.0,2,9.0,26.0,0.0,Partidos
315,Gonçalo Guedes,pt POR,"DL,CC",27-103,3.8,2.0,2,0.0,2.0,0.0,1.0,2.0,50.0,1.0,3.0,0.0,3.0,0,2.0,1.0,0.0,Partidos
316,Ben Brereton,cl CHI,"DL,CC",24-328,3.0,2.0,2,1.0,0.0,1.0,0.0,2.0,0.0,2.0,0.0,0.0,0.0,0,2.0,0.0,0.0,Partidos
317,Carlos Romero,es ESP,DF,22-134,2.7,10.0,5,7.0,1.0,2.0,6.0,11.0,54.5,5.0,3.0,0.0,3.0,1,11.0,9.0,0.0,Partidos
318,Bertrand Traoré,bf BFA,CC,28-187,1.7,1.0,1,0.0,0.0,1.0,1.0,1.0,100.0,0.0,1.0,0.0,1.0,0,1.0,1.0,0.0,Partidos
319,Manu Trigueros,es ESP,CC,32-146,2.3,6.0,4,5.0,1.0,0.0,3.0,6.0,50.0,3.0,1.0,1.0,0.0,2,8.0,6.0,0.0,Partidos
320,Denis Suárez,es ESP,"CC,DL",30-065,1.5,0.0,0,0.0,0.0,0.0,0.0,2.0,0.0,2.0,2.0,2.0,0.0,0,0.0,4.0,0.0,Partidos
321,Pepe Reina,es ESP,PO,41-193,1.0,0.0,0,0.0,0.0,0.0,0.0,0.0,,0.0,0.0,0.0,0.0,0,0.0,0.0,0.0,Partidos
322,Stefan Lekovic,rs SRB,DF,20-062,0.3,0.0,0,0.0,0.0,0.0,0.0,0.0,,0.0,1.0,1.0,0.0,0,0.0,1.0,0.0,Partidos
323,Pascu,es ESP,DL,20-337,0.2,0.0,0,0.0,0.0,0.0,0.0,0.0,,0.0,0.0,0.0,0.0,0,0.0,0.0,0.0,Partidos
324,Total del equipo,,,28.6,28.0,431.0,262,210.0,169.0,52.0,199.0,414.0,48.1,215.0,295.0,103.0,192.0,229,660.0,633.0,12.0,
325,Total del oponente,,,27.8,28.0,517.0,330,247.0,202.0,68.0,255.0,514.0,49.6,259.0,319.0,92.0,227.0,255,772.0,445.0,8.0,
326,David Soria,es ESP,PO,30-342,28.0,0.0,0,0.0,0.0,0.0,0.0,2.0,0.0,2.0,0.0,0.0,0.0,0,0.0,14.0,6.0,Partidos
327,Nemanja Maksimović,rs SRB,CC,29-045,26.4,45.0,33,16.0,23.0,6.0,16.0,28.0,57.1,12.0,45.0,21.0,24.0,39,84.0,49.0,0.0,Partidos
328,Borja Mayoral,es ESP,DL,26-341,23.9,9.0,5,2.0,2.0,5.0,5.0,22.0,22.7,17.0,7.0,0.0,7.0,4,13.0,16.0,0.0,Partidos
329,Gastón Álvarez,uy URU,DF,23-353,21.7,50.0,27,36.0,12.0,2.0,27.0,40.0,67.5,13.0,35.0,10.0,25.0,32,82.0,64.0,0.0,Partidos
330,Djené,tg TOG,"DF,CC",32-071,19.8,22.0,12,10.0,11.0,1.0,10.0,18.0,55.6,8.0,20.0,9.0,11.0,16,38.0,51.0,0.0,Partidos
331,Diego Rico,es ESP,DF,31-017,21.6,47.0,34,25.0,18.0,4.0,31.0,57.0,54.4,26.0,22.0,7.0,15.0,33,80.0,56.0,0.0,Partidos
332,Mason Greenwood,eng ENG,"CC,DL",22-162,19.6,6.0,2,1.0,3.0,2.0,2.0,10.0,20.0,8.0,5.0,0.0,5.0,3,9.0,2.0,0.0,Partidos
333,Jaime Mata,es ESP,"DL,CC",35-139,14.1,21.0,14,11.0,7.0,3.0,10.0,23.0,43.5,13.0,16.0,1.0,15.0,15,36.0,22.0,0.0,Partidos
334,Luis Milla,es ESP,CC,29-156,15.0,37.0,24,12.0,17.0,8.0,16.0,31.0,51.6,15.0,11.0,1.0,10.0,23,60.0,4.0,0.0,Partidos
335,Omar Alderete,py PAR,DF,27-076,14.9,18.0,14,13.0,5.0,0.0,13.0,21.0,61.9,8.0,21.0,13.0,8.0,7,25.0,75.0,0.0,Partidos
336,Damián Suárez,uy URU,DF,35-319,14.4,36.0,21,16.0,16.0,4.0,26.0,45.0,57.8,19.0,13.0,3.0,10.0,10,46.0,31.0,0.0,Partidos
337,Juanmi Latasa,es ESP,DL,22-354,13.6,6.0,4,0.0,5.0,1.0,0.0,9.0,0.0,9.0,5.0,0.0,5.0,3,9.0,16.0,0.0,Partidos
338,Iglesias,es ESP,"DF,DL",25-252,13.4,34.0,20,20.0,9.0,5.0,16.0,24.0,66.7,8.0,16.0,7.0,9.0,15,49.0,40.0,0.0,Partidos
339,Domingos Duarte,pt POR,DF,29-001,10.1,7.0,4,6.0,0.0,1.0,5.0,7.0,71.4,2.0,7.0,5.0,2.0,8,15.0,27.0,0.0,Partidos
340,Carles Aleñá,es ESP,"CC,DL",26-066,9.5,16.0,6,6.0,8.0,2.0,6.0,16.0,37.5,10.0,13.0,3.0,10.0,3,19.0,12.0,0.0,Partidos
341,Carmona,es ESP,"CC,DF",22-042,8.3,12.0,8,4.0,8.0,0.0,2.0,14.0,14.3,12.0,10.0,1.0,9.0,11,23.0,10.0,0.0,Partidos
342,Stefan Mitrović,rs SRB,DF,33-294,7.8,9.0,3,7.0,2.0,0.0,4.0,8.0,50.0,4.0,3.0,2.0,1.0,6,15.0,26.0,0.0,Partidos
343,Jordi,es ESP,CC,23-066,5.3,14.0,10,2.0,11.0,1.0,7.0,13.0,53.8,6.0,4.0,1.0,3.0,7,21.0,6.0,0.0,Partidos
344,Mauro Arambarri,uy URU,CC,28-163,3.8,6.0,2,3.0,2.0,1.0,1.0,6.0,16.7,5.0,1.0,0.0,1.0,2,8.0,7.0,0.0,Partidos
345,Ilaix Moriba,gn GUI,CC,21-052,2.6,7.0,1,1.0,3.0,3.0,2.0,5.0,40.0,3.0,1.0,0.0,1.0,3,10.0,4.0,0.0,Partidos
346,Óscar Rodríguez Arnaiz,es ESP,"CC,DL",25-257,4.1,9.0,5,1.0,6.0,2.0,2.0,5.0,40.0,3.0,3.0,0.0,3.0,4,13.0,3.0,0.0,Partidos
347,Jesús Santiago,es ESP,CC,19-291,1.9,3.0,1,0.0,1.0,2.0,1.0,3.0,33.3,2.0,1.0,0.0,1.0,0,3.0,0.0,0.0,Partidos
348,Enes Ünal,tr TUR,"DL,CC",26-306,1.6,0.0,0,0.0,0.0,0.0,0.0,0.0,,0.0,1.0,0.0,1.0,0,0.0,2.0,0.0,Partidos
349,Fabrizio Angileri,ar ARG,"DF,CC",29-362,1.1,0.0,0,0.0,0.0,0.0,0.0,2.0,0.0,2.0,0.0,0.0,0.0,2,2.0,5.0,0.0,Partidos
350,Portu,es ESP,DL,31-295,1.1,5.0,3,4.0,0.0,1.0,5.0,6.0,83.3,1.0,0.0,0.0,0.0,0,5.0,0.0,0.0,Partidos
351,Anthony Lozano,hn HON,"CC,DL",30-321,1.0,0.0,0,0.0,0.0,0.0,0.0,1.0,0.0,1.0,0.0,0.0,0.0,0,0.0,1.0,0.0,Partidos
352,Santiago García,,DL,22-195,0.3,1.0,0,0.0,0.0,1.0,1.0,1.0,100.0,0.0,0.0,0.0,0.0,0,1.0,0.0,0.0,Partidos
353,Gorka Rivera Alonso,es ESP,DF,19-223,0.0,0.0,0,0.0,0.0,0.0,0.0,0.0,,0.0,0.0,0.0,0.0,0,0.0,0.0,0.0,Partidos
354,Total del equipo,,,28.3,28.0,420.0,253,196.0,169.0,55.0,208.0,417.0,49.9,209.0,260.0,84.0,176.0,246,666.0,543.0,6.0,
355,Total del oponente,,,27.8,28.0,381.0,247,189.0,157.0,35.0,185.0,345.0,53.6,160.0,286.0,77.0,209.0,208,589.0,640.0,14.0,
356,Antonio Sivera,es ESP,PO,27-213,28.0,0.0,0,0.0,0.0,0.0,0.0,1.0,0.0,1.0,0.0,0.0,0.0,0,0.0,15.0,0.0,Partidos
357,Ander Guevara,es ESP,CC,26-248,26.4,45.0,26,22.0,18.0,5.0,26.0,54.0,48.1,28.0,23.0,8.0,15.0,12,57.0,40.0,1.0,Partidos
358,Luis Rioja,es ESP,"DL,CC",30-147,24.4,25.0,18,9.0,12.0,4.0,13.0,32.0,40.6,19.0,25.0,1.0,24.0,16,41.0,25.0,0.0,Partidos
359,Andoni Gorosabel,es ESP,DF,27-220,25.6,43.0,29,25.0,15.0,3.0,26.0,57.0,45.6,31.0,22.0,7.0,15.0,21,64.0,61.0,0.0,Partidos
360,Jon Guridi,es ESP,CC,29-012,22.4,30.0,18,7.0,19.0,4.0,8.0,36.0,22.2,28.0,21.0,3.0,18.0,13,43.0,15.0,0.0,Partidos
361,Rafa Marín,es ESP,DF,21-297,20.2,20.0,16,14.0,6.0,0.0,6.0,16.0,37.5,10.0,26.0,16.0,10.0,19,39.0,98.0,1.0,Partidos
362,Antonio Blanco,es ESP,CC,23-232,19.5,48.0,28,25.0,19.0,4.0,25.0,67.0,37.3,42.0,17.0,1.0,16.0,24,72.0,22.0,0.0,Partidos
363,Abdel Abqar,ma MAR,DF,25-001,18.2,21.0,9,16.0,3.0,2.0,12.0,22.0,54.5,10.0,17.0,13.0,4.0,15,36.0,84.0,0.0,Partidos
364,Javi López,es ESP,DF,22-070,18.8,15.0,8,7.0,6.0,2.0,10.0,19.0,52.6,9.0,15.0,4.0,11.0,4,19.0,59.0,1.0,Partidos
365,Samuel Omorodion,es ESP,DL,19-311,17.1,6.0,3,1.0,4.0,1.0,0.0,2.0,0.0,2.0,8.0,1.0,7.0,1,7.0,12.0,0.0,Partidos
366,Rubén Duarte,es ESP,DF,28-145,16.0,32.0,19,16.0,14.0,2.0,15.0,22.0,68.2,7.0,17.0,5.0,12.0,20,52.0,52.0,0.0,Partidos
367,Alex Sola,es ESP,"DL,CC",24-276,11.7,24.0,14,8.0,9.0,7.0,11.0,19.0,57.9,8.0,17.0,2.0,15.0,9,33.0,14.0,0.0,Partidos
368,Aleksandar Sedlar,rs SRB,DF,32-089,10.5,14.0,10,10.0,4.0,0.0,10.0,16.0,62.5,6.0,8.0,4.0,4.0,13,27.0,43.0,0.0,Partidos
369,Kiké,es ESP,"DL,CC",34-107,11.2,5.0,2,1.0,2.0,2.0,4.0,9.0,44.4,5.0,11.0,4.0,7.0,0,5.0,10.0,0.0,Partidos
370,Abderrahman Rebbach,dz ALG,"DL,CC",25-213,7.0,8.0,4,3.0,2.0,3.0,5.0,15.0,33.3,10.0,10.0,1.0,9.0,3,11.0,5.0,0.0,Partidos
371,Ianis Hagi,ro ROU,"CC,DL",25-141,6.4,10.0,8,2.0,7.0,1.0,3.0,10.0,30.0,7.0,6.0,0.0,6.0,2,12.0,4.0,0.0,Partidos
372,Carlos Benavídez,uy URU,CC,25-347,7.4,32.0,19,11.0,15.0,6.0,11.0,19.0,57.9,8.0,7.0,4.0,3.0,14,46.0,19.0,0.0,Partidos
373,Nahuel Tenaglia,ar ARG,DF,28-019,6.2,15.0,10,12.0,2.0,1.0,8.0,13.0,61.5,5.0,9.0,5.0,4.0,8,23.0,35.0,0.0,Partidos
374,Carlos Vicente,es ESP,"DL,CC",24-323,5.4,7.0,3,3.0,4.0,0.0,6.0,10.0,60.0,4.0,1.0,0.0,1.0,2,9.0,6.0,0.0,Partidos
375,Xeber,es ESP,"DL,CC",26-259,3.0,4.0,4,2.0,2.0,0.0,2.0,6.0,33.3,4.0,1.0,0.0,1.0,1,5.0,2.0,0.0,Partidos
376,Miguel,es ESP,"DL,CC",24-190,0.7,0.0,0,0.0,0.0,0.0,0.0,0.0,,0.0,2.0,0.0,2.0,0,0.0,0.0,0.0,Partidos
377,Giuliano Simeone,ar ARG,DL,21-084,0.8,1.0,1,0.0,1.0,0.0,1.0,2.0,50.0,1.0,0.0,0.0,0.0,0,1.0,0.0,0.0,Partidos
378,Mamadou Sylla,sn SEN,"DL,CC",29-357,0.2,0.0,0,0.0,0.0,0.0,0.0,0.0,,0.0,1.0,1.0,0.0,0,0.0,1.0,0.0,Partidos
379,Jon Karrikaburu,es ESP,"CC,DL",21-174,0.2,0.0,0,0.0,0.0,0.0,0.0,0.0,,0.0,0.0,0.0,0.0,0,0.0,0.0,0.0,Partidos
380,Tomás Mendes,es ESP,CC,19-111,0.1,0.0,0,0.0,0.0,0.0,0.0,0.0,,0.0,0.0,0.0,0.0,0,0.0,0.0,0.0,Partidos
381,Unai Ropero,es ESP,CC,22-112,0.1,0.0,0,0.0,0.0,0.0,0.0,0.0,,0.0,0.0,0.0,0.0,0,0.0,0.0,0.0,Partidos
382,Joaquín Panichelli,ar ARG,DL,21-156,0.0,0.0,0,0.0,0.0,0.0,0.0,0.0,,0.0,0.0,0.0,0.0,0,0.0,0.0,0.0,Partidos
383,Victor Parada,es ESP,"DL,CC",21-342,0.0,1.0,1,0.0,1.0,0.0,1.0,1.0,100.0,0.0,0.0,0.0,0.0,0,1.0,0.0,0.0,Partidos
384,Total del equipo,,,26.4,28.0,406.0,250,194.0,165.0,47.0,203.0,448.0,45.3,245.0,264.0,80.0,184.0,197,603.0,622.0,3.0,
385,Total del oponente,,,28.1,28.0,410.0,259,193.0,178.0,39.0,186.0,434.0,42.9,248.0,295.0,94.0,201.0,170,580.0,615.0,11.0,
386,Lucas Ocampos,ar ARG,"DL,CC",29-244,22.0,38.0,25,12.0,14.0,12.0,13.0,26.0,50.0,13.0,25.0,1.0,24.0,12,50.0,15.0,0.0,Partidos
387,Loïc Bade,fr FRA,DF,23-335,17.0,43.0,28,36.0,7.0,0.0,22.0,34.0,64.7,12.0,19.0,12.0,7.0,23,66.0,87.0,0.0,Partidos
388,Youssef En-Nesyri,ma MAR,DL,26-284,18.2,7.0,5,2.0,3.0,2.0,0.0,5.0,0.0,5.0,6.0,0.0,6.0,4,11.0,15.0,1.0,Partidos
389,Sergio Ramos,es ESP,DF,37-347,17.0,29.0,18,21.0,7.0,1.0,16.0,25.0,64.0,9.0,20.0,17.0,3.0,28,57.0,88.0,0.0,Partidos
390,Djibril Sow,ch SUI,CC,27-034,15.5,28.0,21,15.0,8.0,5.0,9.0,24.0,37.5,15.0,19.0,3.0,16.0,15,43.0,8.0,1.0,Partidos
391,Jesús Navas,es ESP,DF,38-111,15.3,30.0,21,16.0,12.0,2.0,21.0,37.0,56.8,16.0,10.0,5.0,5.0,18,48.0,32.0,0.0,Partidos
392,Ivan Rakitić,hr CRO,CC,36-001,15.8,30.0,16,9.0,12.0,9.0,11.0,19.0,57.9,8.0,16.0,5.0,11.0,14,44.0,12.0,0.0,Partidos
393,Boubakary Soumaré,fr FRA,CC,25-013,15.4,24.0,19,13.0,11.0,0.0,7.0,13.0,53.8,6.0,13.0,3.0,10.0,15,39.0,14.0,1.0,Partidos
394,Nemanja Gudelj,rs SRB,DF,32-116,15.3,18.0,13,11.0,5.0,2.0,10.0,22.0,45.5,12.0,13.0,7.0,6.0,19,37.0,47.0,0.0,Partidos
395,Adrià Pedrosa,es ESP,DF,25-303,16.4,40.0,22,23.0,13.0,4.0,17.0,26.0,65.4,9.0,19.0,4.0,15.0,14,54.0,44.0,0.0,Partidos
396,Óliver Torres,es ESP,CC,29-122,13.6,28.0,15,15.0,9.0,4.0,18.0,49.0,36.7,31.0,30.0,3.0,27.0,4,32.0,4.0,0.0,Partidos
397,Suso,es ESP,"CC,DL",30-113,13.2,19.0,13,12.0,7.0,0.0,5.0,14.0,35.7,9.0,8.0,0.0,8.0,3,22.0,3.0,0.0,Partidos
398,Marko Dmitrović,rs SRB,PO,32-047,13.0,1.0,1,1.0,0.0,0.0,1.0,2.0,50.0,1.0,0.0,0.0,0.0,1,2.0,5.0,0.0,Partidos
399,Ørjan Nyland,no NOR,PO,33-183,13.0,0.0,0,0.0,0.0,0.0,0.0,0.0,,0.0,0.0,0.0,0.0,0,0.0,4.0,0.0,Partidos
400,Marcos Acuña,ar ARG,DF,32-135,7.8,17.0,12,12.0,5.0,0.0,5.0,6.0,83.3,1.0,6.0,1.0,5.0,4,21.0,12.0,0.0,Partidos
401,Juanlu Sánchez,es ESP,DF,20-209,11.3,49.0,31,28.0,17.0,4.0,30.0,48.0,62.5,18.0,23.0,6.0,17.0,10,59.0,33.0,0.0,Partidos
402,Kike Salas,es ESP,DF,21-323,9.1,24.0,15,13.0,8.0,3.0,14.0,23.0,60.9,9.0,11.0,4.0,7.0,15,39.0,53.0,0.0,Partidos
403,Dodi Lukebakio,be BEL,DL,26-169,8.2,4.0,2,2.0,1.0,1.0,1.0,5.0,20.0,4.0,7.0,2.0,5.0,2,6.0,1.0,0.0,Partidos
404,Isaac Bernal,es ESP,DL,23-298,6.7,,0,,,,,,,,,,,0,,,,Partidos
405,Fernando,br BRA,CC,36-230,5.1,9.0,8,2.0,4.0,3.0,5.0,9.0,55.6,4.0,2.0,0.0,2.0,7,16.0,9.0,0.0,Partidos
406,Érik Lamela,ar ARG,"DL,CC",32-007,4.2,17.0,11,3.0,9.0,5.0,8.0,13.0,61.5,5.0,10.0,0.0,10.0,1,18.0,5.0,0.0,Partidos
407,Joan Jordán,es ESP,CC,29-249,3.9,7.0,6,2.0,3.0,2.0,6.0,14.0,42.9,8.0,4.0,2.0,2.0,4,11.0,2.0,0.0,Partidos
408,Rafa Mir,es ESP,"DL,CC",26-267,4.3,2.0,2,1.0,1.0,0.0,1.0,2.0,50.0,1.0,2.0,0.0,2.0,1,3.0,1.0,0.0,Partidos
409,Marcão,br BRA,DF,27-280,3.4,8.0,5,4.0,4.0,0.0,5.0,9.0,55.6,4.0,8.0,6.0,2.0,3,11.0,7.0,1.0,Partidos
410,Mariano,do DOM,DL,30-223,2.4,1.0,1,0.0,1.0,0.0,0.0,0.0,,0.0,1.0,0.0,1.0,0,1.0,2.0,0.0,Partidos
411,Tanguy Nianzou,fr FRA,DF,21-278,2.3,12.0,8,9.0,2.0,1.0,8.0,11.0,72.7,3.0,1.0,0.0,1.0,3,15.0,6.0,0.0,Partidos
412,Lucien Agoume,fr FRA,CC,22-031,1.7,4.0,3,2.0,2.0,0.0,2.0,2.0,100.0,0.0,2.0,0.0,2.0,2,6.0,0.0,0.0,Partidos
413,Hannibal Mejbri,tn TUN,CC,21-050,1.0,2.0,2,1.0,1.0,0.0,0.0,1.0,0.0,1.0,0.0,0.0,0.0,0,2.0,0.0,0.0,Partidos
414,Yassine Bounou,ma MAR,PO,32-341,1.0,0.0,0,0.0,0.0,0.0,0.0,0.0,,0.0,0.0,0.0,0.0,0,0.0,0.0,0.0,Partidos
415,Adnan Januzaj,be BEL,"DL,CC",29-035,2.1,3.0,3,2.0,0.0,1.0,0.0,1.0,0.0,1.0,2.0,0.0,2.0,1,4.0,0.0,0.0,Partidos
416,Diego Iturralde,es ESP,DF,20-330,0.4,0.0,0,0.0,0.0,0.0,0.0,0.0,,0.0,1.0,1.0,0.0,0,0.0,2.0,0.0,Partidos
417,Alejo Véliz,ar ARG,DL,20-174,0.3,0.0,0,0.0,0.0,0.0,0.0,1.0,0.0,1.0,0.0,0.0,0.0,0,0.0,1.0,0.0,Partidos
418,Manuel Sebastián,es ESP,CC,19-228,0.2,1.0,0,1.0,0.0,0.0,1.0,1.0,100.0,0.0,2.0,0.0,2.0,0,1.0,0.0,0.0,Partidos
419,Jesús Corona,mx MEX,"CC,DF",31-065,0.2,0.0,0,0.0,0.0,0.0,0.0,0.0,,0.0,0.0,0.0,0.0,1,1.0,0.0,0.0,Partidos
420,Federico Gattoni,ar ARG,"DF,DL",25-024,0.1,1.0,0,1.0,0.0,0.0,1.0,1.0,100.0,0.0,0.0,0.0,0.0,0,1.0,1.0,0.0,Partidos
421,Total del equipo,,,29.5,27.0,496.0,326,269.0,166.0,61.0,237.0,443.0,53.5,206.0,280.0,82.0,198.0,224,720.0,513.0,4.0,
422,Total del oponente,,,27.9,27.0,417.0,255,195.0,172.0,50.0,201.0,421.0,47.7,220.0,280.0,70.0,210.0,171,588.0,708.0,6.0,
423,Predrag Rajković,rs SRB,PO,28-132,28.0,1.0,1,1.0,0.0,0.0,1.0,1.0,100.0,0.0,0.0,0.0,0.0,0,1.0,11.0,0.0,Partidos
424,Dani Rodríguez,es ESP,CC,35-279,22.1,40.0,21,18.0,16.0,6.0,20.0,41.0,48.8,21.0,28.0,5.0,23.0,12,52.0,16.0,0.0,Partidos
425,Martin Valjent,sk SVK,DF,28-091,20.5,27.0,17,17.0,8.0,2.0,15.0,25.0,60.0,10.0,24.0,11.0,13.0,24,51.0,89.0,1.0,Partidos
426,Samu Costa,pt POR,CC,23-105,20.9,75.0,41,31.0,42.0,2.0,37.0,78.0,47.4,41.0,27.0,13.0,14.0,30,105.0,51.0,3.0,Partidos
427,Giovanni González,uy URU,DF,29-173,20.3,54.0,37,30.0,22.0,2.0,28.0,61.0,45.9,33.0,19.0,3.0,16.0,21,75.0,43.0,2.0,Partidos
428,Matija Nastasić,rs SRB,DF,30-349,19.1,26.0,12,18.0,8.0,0.0,16.0,23.0,69.6,7.0,28.0,16.0,12.0,22,48.0,84.0,0.0,Partidos
429,Vedat Muriqi,xk KVX,DL,29-322,17.7,9.0,5,4.0,2.0,3.0,2.0,11.0,18.2,9.0,5.0,3.0,2.0,5,14.0,22.0,0.0,Partidos
430,Antonio Sánchez,es ESP,CC,27-070,12.7,21.0,8,10.0,9.0,2.0,10.0,28.0,35.7,18.0,20.0,5.0,15.0,9,30.0,10.0,0.0,Partidos
431,Sergi Darder,es ESP,CC,30-080,18.1,31.0,21,11.0,16.0,4.0,8.0,21.0,38.1,13.0,18.0,4.0,14.0,15,46.0,10.0,0.0,Partidos
432,Antonio Raillo,es ESP,DF,32-155,15.4,18.0,15,11.0,7.0,0.0,11.0,16.0,68.8,5.0,32.0,23.0,9.0,19,37.0,62.0,1.0,Partidos
433,Cyle Larin,ca CAN,DL,28-329,15.5,15.0,7,5.0,3.0,7.0,2.0,5.0,40.0,3.0,13.0,4.0,9.0,2,17.0,13.0,0.0,Partidos
434,Jaume Costa,es ESP,DF,35-359,13.9,33.0,19,20.0,9.0,4.0,17.0,27.0,63.0,10.0,13.0,4.0,9.0,13,46.0,23.0,0.0,Partidos
435,Pablo Maffeo,es ESP,DF,26-243,12.5,27.0,15,14.0,9.0,4.0,20.0,36.0,55.6,16.0,7.0,1.0,6.0,8,35.0,18.0,0.0,Partidos
436,Toni Lato,es ESP,DF,26-111,12.9,29.0,19,15.0,11.0,3.0,12.0,23.0,52.2,11.0,12.0,2.0,10.0,11,40.0,20.0,0.0,Partidos
437,Manu Morlanes,es ESP,CC,25-059,12.7,32.0,20,17.0,14.0,1.0,16.0,37.0,43.2,21.0,9.0,1.0,8.0,11,43.0,18.0,0.0,Partidos
438,Omar Mascarell,es ESP,CC,31-038,11.7,24.0,13,10.0,14.0,0.0,13.0,26.0,50.0,13.0,12.0,3.0,9.0,23,47.0,24.0,1.0,Partidos
439,Copete,es ESP,DF,24-153,10.4,31.0,16,20.0,11.0,0.0,21.0,28.0,75.0,7.0,10.0,5.0,5.0,22,53.0,32.0,1.0,Partidos
440,Abdón Prats,es ESP,DL,31-095,10.4,4.0,3,1.0,2.0,1.0,2.0,4.0,50.0,2.0,4.0,1.0,3.0,2,6.0,9.0,0.0,Partidos
441,Siebe Van Der Heyden,be BEL,DF,25-286,3.2,9.0,2,7.0,2.0,0.0,4.0,6.0,66.7,2.0,1.0,1.0,0.0,7,16.0,12.0,0.0,Partidos
442,Amath,sn SEN,"DL,CC",27-239,4.4,9.0,6,7.0,2.0,0.0,2.0,10.0,20.0,8.0,2.0,0.0,2.0,3,12.0,6.0,0.0,Partidos
443,Nacho Vidal,es ESP,DF,29-047,1.9,4.0,1,1.0,2.0,1.0,2.0,5.0,40.0,3.0,1.0,0.0,1.0,2,6.0,4.0,0.0,Partidos
444,Nemanja Radonjić,rs SRB,CC,28-025,0.9,0.0,0,0.0,0.0,0.0,0.0,1.0,0.0,1.0,1.0,0.0,1.0,1,1.0,0.0,0.0,Partidos
445,Javier Llabrés,es ESP,"CC,DL",21-182,1.9,2.0,0,1.0,1.0,0.0,1.0,1.0,100.0,0.0,1.0,0.0,1.0,1,3.0,3.0,0.0,Partidos
446,Total del equipo,,,29.2,28.0,521.0,299,269.0,210.0,42.0,260.0,514.0,50.6,254.0,287.0,105.0,182.0,263,784.0,580.0,9.0,
447,Total del oponente,,,27.6,28.0,371.0,217,159.0,163.0,49.0,149.0,335.0,44.5,186.0,272.0,77.0,195.0,225,596.0,609.0,9.0,
448,Stole Dimitrievski,mk MKD,PO,30-077,28.0,1.0,1,1.0,0.0,0.0,1.0,1.0,100.0,0.0,0.0,0.0,0.0,0,1.0,12.0,3.0,Partidos
449,Florian Lejeune,fr FRA,DF,32-296,28.0,22.0,12,14.0,7.0,1.0,10.0,19.0,52.6,9.0,25.0,11.0,14.0,15,37.0,124.0,1.0,Partidos
450,Alfonso Espino,uy URU,DF,32-066,24.1,57.0,38,34.0,21.0,2.0,25.0,69.0,36.2,44.0,20.0,1.0,19.0,37,94.0,53.0,0.0,Partidos
451,Isaac Palazón Camacho,es ESP,"CC,DL",29-075,23.2,35.0,18,13.0,17.0,5.0,14.0,40.0,35.0,26.0,24.0,1.0,23.0,15,50.0,32.0,0.0,Partidos
452,Iván Balliu,al ALB,DF,32-070,24.0,31.0,21,13.0,18.0,0.0,16.0,31.0,51.6,15.0,21.0,8.0,13.0,24,55.0,53.0,1.0,Partidos
453,Óscar Valentín,es ESP,CC,29-204,23.0,75.0,45,29.0,42.0,4.0,34.0,71.0,47.9,37.0,44.0,8.0,36.0,25,100.0,42.0,1.0,Partidos
454,Álvaro García,es ESP,"DL,CC",31-136,21.9,26.0,19,12.0,8.0,6.0,6.0,29.0,20.7,23.0,24.0,0.0,24.0,28,54.0,30.0,0.0,Partidos
455,Unai López,es ESP,CC,28-133,16.9,32.0,16,14.0,14.0,4.0,15.0,38.0,39.5,23.0,20.0,3.0,17.0,9,41.0,11.0,1.0,Partidos
456,Aridane Hernández,es ESP,DF,34-354,17.8,10.0,8,5.0,4.0,1.0,4.0,10.0,40.0,6.0,18.0,13.0,5.0,13,23.0,96.0,1.0,Partidos
457,Raúl de Tomás,es ESP,DL,29-146,12.6,8.0,4,4.0,2.0,2.0,2.0,5.0,40.0,3.0,3.0,0.0,3.0,1,9.0,8.0,0.0,Partidos
458,Sergio Camello,es ESP,DL,23-030,12.5,11.0,4,2.0,7.0,2.0,3.0,7.0,42.9,4.0,6.0,1.0,5.0,1,12.0,10.0,0.0,Partidos
459,Óscar Trejo,ar ARG,"DL,CC",35-320,11.2,21.0,12,8.0,7.0,6.0,11.0,17.0,64.7,6.0,12.0,1.0,11.0,4,25.0,8.0,0.0,Partidos
460,Pathé Ciss,sn SEN,CC,29-361,13.4,28.0,13,10.0,18.0,0.0,13.0,21.0,61.9,8.0,19.0,7.0,12.0,23,51.0,39.0,0.0,Partidos
461,Abdul Mumin,gh GHA,DF,25-279,9.8,10.0,5,7.0,2.0,1.0,4.0,6.0,66.7,2.0,17.0,12.0,5.0,9,19.0,53.0,1.0,Partidos
462,Kike Pérez,es ESP,"CC,DL",27-026,9.1,26.0,11,11.0,14.0,1.0,11.0,22.0,50.0,11.0,11.0,0.0,11.0,8,34.0,6.0,0.0,Partidos
463,Jorge de Frutos,es ESP,"CC,DL",27-020,9.7,6.0,1,1.0,4.0,1.0,1.0,9.0,11.1,8.0,7.0,0.0,7.0,4,10.0,10.0,0.0,Partidos
464,Pep Chavarría,es ESP,"DF,CC",25-336,6.4,8.0,6,5.0,3.0,0.0,5.0,5.0,100.0,0.0,6.0,0.0,6.0,3,11.0,16.0,0.0,Partidos
465,Andrei Ratiu,ro ROU,DF,25-265,3.6,9.0,2,4.0,4.0,1.0,7.0,12.0,58.3,5.0,2.0,0.0,2.0,0,9.0,5.0,0.0,Partidos
466,Randy Ntekja,fr FRA,"DL,CC",26-096,5.2,7.0,1,1.0,3.0,3.0,3.0,7.0,42.9,4.0,5.0,1.0,4.0,2,9.0,8.0,0.0,Partidos
467,Crespo,pt POR,CC,27-182,2.6,7.0,6,4.0,2.0,1.0,5.0,7.0,71.4,2.0,4.0,1.0,3.0,6,13.0,2.0,0.0,Partidos
468,Radamel Falcao,co COL,"DL,DF",38-030,2.6,5.0,4,0.0,5.0,0.0,0.0,1.0,0.0,1.0,1.0,0.0,1.0,1,6.0,3.0,0.0,Partidos
469,Bebé,cv CPV,"CC,DL",33-243,1.6,2.0,2,1.0,1.0,0.0,1.0,4.0,25.0,3.0,1.0,0.0,1.0,0,2.0,0.0,0.0,Partidos
470,Salvi,es ESP,CC,32-347,0.3,0.0,0,0.0,0.0,0.0,0.0,4.0,0.0,4.0,0.0,0.0,0.0,1,1.0,0.0,0.0,Partidos
471,José Pozo,es ESP,"CC,DL",27-362,0.1,0.0,0,0.0,0.0,0.0,0.0,0.0,,0.0,0.0,0.0,0.0,0,0.0,0.0,0.0,Partidos
472,Diego Méndez,es ESP,CC,20-195,0.1,1.0,1,1.0,0.0,0.0,1.0,1.0,100.0,0.0,0.0,0.0,0.0,1,2.0,0.0,0.0,Partidos
473,Total del equipo,,,30.3,28.0,438.0,250,194.0,203.0,41.0,192.0,436.0,44.0,244.0,290.0,68.0,222.0,230,668.0,621.0,9.0,
474,Total del oponente,,,27.7,28.0,501.0,307,217.0,223.0,61.0,224.0,431.0,52.0,207.0,285.0,78.0,207.0,208,709.0,527.0,13.0,
475,Jørgen Strand Larsen,no NOR,DL,24-034,24.7,14.0,8,1.0,10.0,3.0,5.0,29.0,17.2,24.0,12.0,1.0,11.0,5,19.0,13.0,0.0,Partidos
476,Unai Núñez,es ESP,DF,27-041,27.5,42.0,23,22.0,18.0,2.0,18.0,41.0,43.9,23.0,35.0,22.0,13.0,47,89.0,137.0,1.0,Partidos
477,Óscar Mingueza,es ESP,"DF,CC",24-303,23.8,43.0,26,30.0,7.0,6.0,27.0,61.0,44.3,34.0,29.0,4.0,25.0,14,57.0,34.0,1.0,Partidos
478,Iago Aspas,es ESP,DL,36-223,20.9,6.0,4,1.0,5.0,0.0,0.0,10.0,0.0,10.0,15.0,3.0,12.0,8,14.0,6.0,0.0,Partidos
479,Luca de la Torre,us USA,CC,25-293,20.1,36.0,19,12.0,21.0,3.0,20.0,39.0,51.3,19.0,19.0,3.0,16.0,11,47.0,16.0,0.0,Partidos
480,Carl Starfelt,se SWE,DF,28-284,19.9,30.0,25,25.0,4.0,1.0,17.0,25.0,68.0,8.0,28.0,23.0,5.0,24,54.0,138.0,2.0,Partidos
481,Fran Beltrán,es ESP,CC,25-037,17.9,37.0,21,14.0,16.0,7.0,18.0,46.0,39.1,28.0,18.0,0.0,18.0,15,52.0,18.0,0.0,Partidos
482,Jonathan Bamba,ci CIV,"CC,DL",27-351,17.3,13.0,8,4.0,7.0,2.0,1.0,14.0,7.1,13.0,15.0,0.0,15.0,12,25.0,9.0,0.0,Partidos
483,Vicente Guaita,es ESP,PO,37-061,18.7,1.0,1,1.0,0.0,0.0,1.0,2.0,50.0,1.0,0.0,0.0,0.0,0,1.0,7.0,0.0,Partidos
484,Manu Sánchez,es ESP,DF,23-200,17.6,48.0,23,19.0,24.0,5.0,26.0,46.0,56.5,20.0,22.0,3.0,19.0,16,64.0,60.0,0.0,Partidos
485,Renato Tapia,pe PER,"CC,DF",28-227,13.6,36.0,25,17.0,16.0,3.0,11.0,22.0,50.0,11.0,30.0,7.0,23.0,17,53.0,45.0,0.0,Partidos
486,Carlos Dominguez,es ESP,DF,23-029,11.2,22.0,12,9.0,9.0,4.0,15.0,22.0,68.2,7.0,15.0,6.0,9.0,20,42.0,53.0,0.0,Partidos
487,Iván Villar,es ESP,PO,26-246,9.3,0.0,0,0.0,0.0,0.0,0.0,1.0,0.0,1.0,0.0,0.0,0.0,0,0.0,5.0,0.0,Partidos
488,Mihailo Ristić,rs SRB,"DF,CC",28-132,8.5,15.0,9,9.0,6.0,0.0,9.0,12.0,75.0,3.0,9.0,2.0,7.0,9,24.0,21.0,0.0,Partidos
489,Kevin Vázquez,es ESP,DF,30-354,7.0,15.0,13,7.0,7.0,1.0,12.0,18.0,66.7,6.0,11.0,3.0,8.0,4,19.0,25.0,0.0,Partidos
490,Carlos Dotor,es ESP,CC,22-362,7.7,14.0,7,3.0,8.0,3.0,4.0,13.0,30.8,9.0,12.0,2.0,10.0,4,18.0,3.0,0.0,Partidos
491,Anastasios Douvikas,gr GRE,DL,24-222,7.5,10.0,5,2.0,3.0,5.0,1.0,6.0,16.7,5.0,3.0,2.0,1.0,1,11.0,8.0,0.0,Partidos
492,Franco Cervi,ar ARG,"CC,DF",29-290,5.3,20.0,14,12.0,7.0,1.0,10.0,20.0,50.0,10.0,14.0,0.0,14.0,7,27.0,4.0,0.0,Partidos
493,Javier Manquillo,es ESP,"DF,CC",29-311,4.6,10.0,6,3.0,4.0,3.0,7.0,11.0,63.6,4.0,10.0,2.0,8.0,1,11.0,10.0,0.0,Partidos
494,Carles Pérez,es ESP,"CC,DL",26-024,4.9,6.0,3,2.0,3.0,1.0,4.0,9.0,44.4,5.0,8.0,0.0,8.0,4,10.0,3.0,0.0,Partidos
495,Joseph Aidoo,gh GHA,DF,28-164,4.5,8.0,3,6.0,2.0,0.0,4.0,8.0,50.0,4.0,3.0,1.0,2.0,4,12.0,28.0,0.0,Partidos
496,Hugo Sotelo,es ESP,CC,20-083,3.7,8.0,7,1.0,5.0,2.0,2.0,7.0,28.6,5.0,6.0,1.0,5.0,1,9.0,2.0,0.0,Partidos
497,Jailson Siqueira,br BRA,"CC,DF",28-186,3.4,11.0,5,9.0,2.0,0.0,6.0,8.0,75.0,2.0,5.0,1.0,4.0,8,19.0,16.0,0.0,Partidos
498,Tadeo Allende,ar ARG,"CC,DL",25-020,2.8,5.0,1,3.0,1.0,1.0,3.0,4.0,75.0,1.0,3.0,0.0,3.0,2,7.0,2.0,0.0,Partidos
499,Miguel Rodríguez,es ESP,CC,20-317,2.1,4.0,2,2.0,1.0,1.0,2.0,6.0,33.3,4.0,5.0,0.0,5.0,2,6.0,0.0,0.0,Partidos
500,Williot Swedberg,se SWE,"CC,DL",20-039,1.5,5.0,3,2.0,3.0,0.0,3.0,5.0,60.0,2.0,2.0,0.0,2.0,0,5.0,3.0,0.0,Partidos
501,Hugo Álvarez,es ESP,CC,20-253,0.4,1.0,1,0.0,0.0,1.0,1.0,2.0,50.0,1.0,1.0,0.0,1.0,1,2.0,0.0,0.0,Partidos
502,Gabriel Veiga,es ESP,DL,21-289,0.2,0.0,0,0.0,0.0,0.0,0.0,0.0,,0.0,0.0,0.0,0.0,0,0.0,0.0,0.0,Partidos
503,Total del equipo,,,27.5,28.0,460.0,274,216.0,189.0,55.0,227.0,487.0,46.6,260.0,330.0,86.0,244.0,237,697.0,666.0,4.0,
504,Total del oponente,,,27.7,28.0,446.0,260,215.0,182.0,49.0,208.0,426.0,48.8,218.0,342.0,97.0,245.0,262,708.0,545.0,6.0,
505,Rubén Alcaraz,es ESP,CC,32-315,24.8,64.0,38,27.0,33.0,4.0,30.0,81.0,37.0,51.0,47.0,11.0,36.0,26,90.0,44.0,0.0,Partidos
506,Jeremías Ledesma,ar ARG,PO,31-027,24.9,0.0,0,0.0,0.0,0.0,0.0,2.0,0.0,2.0,0.0,0.0,0.0,0,0.0,12.0,3.0,Partidos
507,Isaac Carcelen,es ESP,DF,30-323,23.3,41.0,26,27.0,12.0,2.0,19.0,35.0,54.3,16.0,20.0,6.0,14.0,23,64.0,76.0,2.0,Partidos
508,Chris Ramos,es ESP,"DL,CC",27-053,22.0,22.0,12,8.0,11.0,3.0,5.0,22.0,22.7,17.0,16.0,4.0,12.0,8,30.0,39.0,0.0,Partidos
509,Fali,es ESP,DF,30-212,21.6,29.0,17,20.0,8.0,1.0,14.0,26.0,53.8,12.0,30.0,20.0,10.0,20,49.0,87.0,0.0,Partidos
510,Javi Hernández,es ESP,DF,25-314,19.5,20.0,13,12.0,5.0,3.0,10.0,22.0,45.5,12.0,23.0,7.0,16.0,10,30.0,48.0,0.0,Partidos
511,Iván Alejo,es ESP,CC,29-030,17.4,34.0,17,21.0,8.0,5.0,16.0,53.0,30.2,37.0,18.0,0.0,18.0,4,38.0,17.0,0.0,Partidos
512,Roberto Navarro,es ESP,CC,21-334,12.2,32.0,20,13.0,15.0,4.0,12.0,27.0,44.4,15.0,23.0,0.0,23.0,11,43.0,7.0,0.0,Partidos
513,Roger Martí,es ESP,DL,33-068,11.6,9.0,5,1.0,8.0,0.0,1.0,5.0,20.0,4.0,13.0,1.0,12.0,6,15.0,3.0,0.0,Partidos
514,Gonzalo Escalante,ar ARG,CC,30-350,13.7,29.0,18,13.0,10.0,6.0,16.0,39.0,41.0,23.0,16.0,4.0,12.0,19,48.0,28.0,1.0,Partidos
515,Víctor Chust,es ESP,DF,24-006,12.0,18.0,12,13.0,5.0,0.0,11.0,16.0,68.8,5.0,15.0,10.0,5.0,6,24.0,46.0,0.0,Partidos
516,Lucas,br BRA,DF,22-353,13.9,39.0,22,26.0,9.0,4.0,25.0,42.0,59.5,17.0,22.0,3.0,19.0,12,51.0,41.0,0.0,Partidos
517,Rubén Sobrino,es ESP,"CC,DL",31-284,12.3,39.0,21,13.0,18.0,8.0,16.0,35.0,45.7,19.0,18.0,1.0,17.0,11,50.0,12.0,0.0,Partidos
518,Maxi Gómez,uy URU,DL,27-210,10.6,4.0,3,2.0,1.0,1.0,2.0,3.0,66.7,1.0,4.0,3.0,1.0,2,6.0,3.0,0.0,Partidos
519,Darwin Machís,ve VEN,CC,31-033,8.3,22.0,13,6.0,9.0,7.0,12.0,23.0,52.2,11.0,6.0,1.0,5.0,3,25.0,2.0,0.0,Partidos
520,Álex Fernández,es ESP,"CC,DL",31-148,10.0,10.0,3,7.0,3.0,0.0,7.0,14.0,50.0,7.0,11.0,4.0,7.0,11,21.0,24.0,0.0,Partidos
521,Luis Hernández,es ESP,DF,34-332,8.0,7.0,3,4.0,3.0,0.0,4.0,8.0,50.0,4.0,3.0,2.0,1.0,8,15.0,25.0,0.0,Partidos
522,Jorge Meré,es ESP,DF,26-329,7.5,8.0,7,6.0,2.0,0.0,4.0,7.0,57.1,3.0,5.0,3.0,2.0,8,16.0,33.0,0.0,Partidos
523,Rominigue Kouamé,ml MLI,CC,27-085,7.6,11.0,8,6.0,4.0,1.0,6.0,13.0,46.2,7.0,7.0,2.0,5.0,13,24.0,9.0,1.0,Partidos
524,Juanmi,es ESP,DL,30-296,4.2,5.0,2,0.0,5.0,0.0,1.0,3.0,33.3,2.0,5.0,0.0,5.0,4,9.0,1.0,0.0,Partidos
525,Joseba Zaldúa,es ESP,"DF,CC",31-261,3.6,12.0,7,10.0,1.0,1.0,6.0,9.0,66.7,3.0,4.0,3.0,1.0,1,13.0,10.0,0.0,Partidos
526,David Gil,es ESP,PO,30-060,3.1,0.0,0,0.0,0.0,0.0,0.0,0.0,,0.0,0.0,0.0,0.0,0,0.0,3.0,0.0,Partidos
527,Fede San Emeterio,es ESP,CC,26-361,1.7,3.0,2,2.0,1.0,0.0,1.0,4.0,25.0,3.0,3.0,2.0,1.0,2,5.0,1.0,0.0,Partidos
528,Mamadou Mbaye,sn SEN,DF,25-257,3.2,6.0,3,3.0,3.0,0.0,2.0,5.0,40.0,3.0,10.0,7.0,3.0,5,11.0,26.0,0.0,Partidos
529,Sergi Guardiola,es ESP,"DL,CC",32-287,4.1,6.0,4,1.0,3.0,2.0,3.0,5.0,60.0,2.0,7.0,0.0,7.0,0,6.0,4.0,0.0,Partidos
530,Aiham Ousou,sy SYR,DF,24-062,1.0,2.0,1,2.0,0.0,0.0,1.0,1.0,100.0,0.0,0.0,0.0,0.0,0,2.0,5.0,0.0,Partidos
531,Brian Ocampo,uy URU,CC,24-260,1.5,2.0,1,0.0,2.0,0.0,1.0,2.0,50.0,1.0,3.0,0.0,3.0,1,3.0,0.0,0.0,Partidos
532,Álvaro Negredo,es ESP,"DL,CC",38-204,0.6,0.0,0,0.0,0.0,0.0,0.0,0.0,,0.0,1.0,0.0,1.0,1,1.0,0.0,0.0,Partidos
533,Diadie Samassékou,ml MLI,CC,28-060,0.6,2.0,1,2.0,0.0,0.0,2.0,3.0,66.7,1.0,0.0,0.0,0.0,2,4.0,1.0,0.0,Partidos
534,Karl Etta,cm CMR,DL,20-070,0.2,1.0,1,0.0,1.0,0.0,0.0,0.0,,0.0,0.0,0.0,0.0,0,1.0,0.0,0.0,Partidos
535,José Mari,es ESP,"CC,DL",36-096,0.2,2.0,1,0.0,2.0,0.0,1.0,2.0,50.0,1.0,0.0,0.0,0.0,0,2.0,0.0,0.0,Partidos
536,Milutin Osmajić,me MNE,CC,24-230,0.1,0.0,0,0.0,0.0,0.0,0.0,0.0,,0.0,0.0,0.0,0.0,0,0.0,0.0,0.0,Partidos
537,Moussa Diakité,ml MLI,CC,20-128,0.0,0.0,0,0.0,0.0,0.0,0.0,0.0,,0.0,0.0,0.0,0.0,0,0.0,0.0,0.0,Partidos
538,Total del equipo,,,29.2,28.0,479.0,281,245.0,182.0,52.0,228.0,507.0,45.0,279.0,330.0,94.0,236.0,217,696.0,607.0,7.0,
539,Total del oponente,,,28.1,28.0,421.0,258,188.0,181.0,52.0,185.0,342.0,54.1,157.0,250.0,62.0,188.0,182,603.0,575.0,5.0,
540,Carlos Neva,es ESP,DF,27-273,25.0,24.0,16,17.0,6.0,1.0,13.0,32.0,40.6,19.0,29.0,10.0,19.0,14,38.0,78.0,1.0,Partidos
541,Ignasi Miquel,es ESP,DF,31-165,25.2,35.0,22,31.0,4.0,0.0,18.0,30.0,60.0,12.0,20.0,9.0,11.0,33,68.0,104.0,3.0,Partidos
542,Myrto Uzuni,al ALB,"DL,CC",28-285,22.4,14.0,11,6.0,6.0,2.0,5.0,25.0,20.0,20.0,17.0,2.0,15.0,3,17.0,6.0,0.0,Partidos
543,Ricard Sánchez,es ESP,DF,24-018,21.9,24.0,16,10.0,8.0,6.0,11.0,22.0,50.0,11.0,23.0,3.0,20.0,12,36.0,56.0,0.0,Partidos
544,Gerard Gumbau,es ESP,CC,29-084,19.9,34.0,19,11.0,20.0,3.0,10.0,34.0,29.4,24.0,17.0,3.0,14.0,15,49.0,20.0,1.0,Partidos
545,Sergio Ruiz,es ESP,CC,29-086,19.2,56.0,33,28.0,24.0,4.0,23.0,53.0,43.4,30.0,14.0,5.0,9.0,18,74.0,33.0,1.0,Partidos
546,Lucas Boyé,ar ARG,DL,28-012,17.6,39.0,19,9.0,21.0,9.0,12.0,24.0,50.0,12.0,26.0,3.0,23.0,6,45.0,32.0,0.0,Partidos
547,Bryan Zaragoza,es ESP,"CC,DL",22-321,18.2,18.0,9,8.0,6.0,4.0,8.0,23.0,34.8,15.0,9.0,0.0,9.0,3,21.0,3.0,0.0,Partidos
548,Gonzalo Villar,es ESP,CC,25-354,15.8,41.0,26,20.0,17.0,4.0,19.0,33.0,57.6,14.0,27.0,10.0,17.0,6,47.0,23.0,1.0,Partidos
549,André Ferreira,pt POR,PO,27-287,14.9,0.0,0,0.0,0.0,0.0,0.0,1.0,0.0,1.0,0.0,0.0,0.0,0,0.0,9.0,2.0,Partidos
550,Óscar Melendo,es ESP,"CC,DL",26-201,10.8,13.0,5,4.0,9.0,0.0,4.0,12.0,33.3,8.0,12.0,0.0,12.0,5,18.0,3.0,1.0,Partidos
551,Raúl Torrente,es ESP,DF,22-182,11.5,24.0,15,17.0,7.0,0.0,16.0,20.0,80.0,4.0,13.0,8.0,5.0,9,33.0,53.0,2.0,Partidos
552,Augusto Batalla,ar ARG,PO,27-316,9.0,0.0,0,0.0,0.0,0.0,0.0,1.0,0.0,1.0,0.0,0.0,0.0,0,0.0,0.0,1.0,Partidos
553,Miguel Ángel Rubio,es ESP,DF,26-000,8.3,10.0,5,6.0,4.0,0.0,7.0,10.0,70.0,3.0,18.0,11.0,7.0,14,24.0,29.0,1.0,Partidos
554,José Callejón,es ESP,"CC,DL",37-029,7.1,9.0,4,6.0,3.0,0.0,6.0,16.0,37.5,10.0,4.0,1.0,3.0,1,10.0,10.0,0.0,Partidos
555,Bruno Méndez,uy URU,DF,24-183,6.2,8.0,4,6.0,1.0,1.0,4.0,6.0,66.7,2.0,8.0,4.0,4.0,9,17.0,21.0,0.0,Partidos
556,Antonio Puertas,es ESP,"CC,DL",32-019,7.0,10.0,7,4.0,5.0,1.0,5.0,13.0,38.5,8.0,4.0,0.0,4.0,5,15.0,4.0,0.0,Partidos
557,Álvaro Carreras,es ESP,"CC,DL",20-354,5.3,13.0,8,8.0,4.0,1.0,5.0,11.0,45.5,6.0,5.0,1.0,4.0,7,20.0,9.0,1.0,Partidos
558,Facundo Pellistri,uy URU,"CC,DL",22-082,4.7,12.0,6,4.0,4.0,4.0,3.0,5.0,60.0,2.0,6.0,0.0,6.0,3,15.0,4.0,0.0,Partidos
559,Martin Hongla,cm CMR,"CC,DF",25-361,3.7,2.0,1,1.0,1.0,0.0,0.0,1.0,0.0,1.0,4.0,2.0,2.0,5,7.0,9.0,1.0,Partidos
560,Raúl Fernández,es ESP,PO,35-364,3.1,0.0,0,0.0,0.0,0.0,0.0,1.0,0.0,1.0,0.0,0.0,0.0,0,0.0,1.0,2.0,Partidos
561,Kamil Piątkowski,pl POL,DF,23-264,2.9,13.0,7,11.0,1.0,1.0,7.0,9.0,77.8,2.0,3.0,3.0,0.0,3,16.0,12.0,0.0,Partidos
562,Wilson Manafá,pt POR,"DF,CC",29-232,2.7,6.0,4,3.0,2.0,1.0,4.0,7.0,57.1,3.0,1.0,0.0,1.0,1,7.0,4.0,1.0,Partidos
563,Matias Arezo,uy URU,DL,21-111,2.3,3.0,1,0.0,3.0,0.0,1.0,4.0,25.0,3.0,3.0,1.0,2.0,0,3.0,3.0,0.0,Partidos
564,Víctor Díaz,es ESP,"DF,CC",35-273,1.8,5.0,3,2.0,3.0,0.0,1.0,3.0,33.3,2.0,1.0,0.0,1.0,1,6.0,8.0,0.0,Partidos
565,Faitout Maouassa,fr FRA,"DF,CC",25-249,1.8,8.0,5,6.0,1.0,1.0,4.0,5.0,80.0,1.0,4.0,0.0,4.0,1,9.0,2.0,0.0,Partidos
566,Jesús Vallejo,es ESP,DF,27-066,1.2,3.0,1,1.0,2.0,0.0,2.0,2.0,100.0,0.0,3.0,2.0,1.0,0,3.0,1.0,1.0,Partidos
567,Kamil Jóźwiak,pl POL,CC,25-324,1.1,1.0,0,1.0,0.0,0.0,1.0,1.0,100.0,0.0,1.0,0.0,1.0,0,1.0,1.0,0.0,Partidos
568,Samuel Omorodion,es ESP,DL,19-311,0.9,1.0,1,0.0,1.0,0.0,1.0,1.0,100.0,0.0,0.0,0.0,0.0,0,1.0,0.0,0.0,Partidos
569,Njegoš Petrović,rs SRB,"CC,DL",24-237,1.7,5.0,2,4.0,1.0,0.0,2.0,3.0,66.7,1.0,2.0,0.0,2.0,1,6.0,3.0,0.0,Partidos
570,Famara Diedhiou,sn SEN,"DL,CC",31-087,1.0,1.0,1,0.0,1.0,0.0,0.0,1.0,0.0,1.0,0.0,0.0,0.0,0,1.0,2.0,0.0,Partidos
571,Shon Weissman,il ISR,DL,28-026,0.9,1.0,1,0.0,0.0,1.0,1.0,4.0,25.0,3.0,3.0,0.0,3.0,0,1.0,1.0,0.0,Partidos
572,Theo Corbeanu,ca CAN,CC,21-299,0.5,3.0,1,1.0,2.0,0.0,0.0,0.0,,0.0,1.0,0.0,1.0,1,4.0,0.0,0.0,Partidos
573,Adri Bosch,es ESP,DF,22-276,0.3,1.0,1,1.0,0.0,0.0,0.0,0.0,,0.0,0.0,0.0,0.0,0,1.0,1.0,0.0,Partidos
574,Alberto Soro,es ESP,CC,25-002,0.1,0.0,0,0.0,0.0,0.0,0.0,0.0,,0.0,0.0,0.0,0.0,0,0.0,0.0,0.0,Partidos
575,Alberto Perea,es ESP,"CC,DL",33-083,0.0,0.0,0,0.0,0.0,0.0,0.0,2.0,0.0,2.0,0.0,0.0,0.0,0,0.0,0.0,0.0,Partidos
576,Total del equipo,,,27.4,27.0,437.0,254,226.0,167.0,44.0,193.0,415.0,46.5,222.0,278.0,78.0,200.0,176,613.0,545.0,20.0,
577,Total del oponente,,,27.8,27.0,439.0,260,200.0,187.0,52.0,233.0,466.0,50.0,233.0,283.0,73.0,210.0,200,639.0,527.0,9.0,
578,Luís Maximiano,pt POR,PO,25-066,24.0,0.0,0,0.0,0.0,0.0,0.0,1.0,0.0,1.0,0.0,0.0,0.0,0,0.0,11.0,1.0,Partidos
579,Édgar González,es ESP,DF,26-345,21.1,35.0,17,16.0,16.0,3.0,18.0,32.0,56.3,14.0,37.0,20.0,17.0,27,62.0,100.0,1.0,Partidos
580,Lucas Robertone,ar ARG,CC,26-359,18.4,46.0,27,21.0,18.0,7.0,18.0,37.0,48.6,19.0,30.0,7.0,23.0,34,80.0,27.0,0.0,Partidos
581,Adri Embarba,es ESP,"DL,CC",31-309,18.1,38.0,24,22.0,7.0,9.0,16.0,33.0,48.5,17.0,20.0,0.0,20.0,9,47.0,8.0,0.0,Partidos
582,Sergio Arribas,es ESP,"CC,DL",22-163,19.4,31.0,15,16.0,14.0,1.0,12.0,27.0,44.4,15.0,17.0,1.0,16.0,13,44.0,8.0,1.0,Partidos
583,Sergio Akieme,es ESP,DF,26-086,18.6,27.0,15,18.0,7.0,2.0,13.0,16.0,81.3,3.0,14.0,4.0,10.0,10,37.0,34.0,0.0,Partidos
584,Dion Lopy,sn SEN,CC,22-038,18.1,53.0,32,32.0,17.0,4.0,14.0,38.0,36.8,24.0,19.0,5.0,14.0,13,66.0,20.0,1.0,Partidos
585,Juan Brandáriz,es ESP,DF,25-009,18.5,27.0,17,18.0,9.0,0.0,14.0,19.0,73.7,5.0,27.0,18.0,9.0,11,38.0,69.0,0.0,Partidos
586,Iddrisu Baba,gh GHA,CC,28-049,15.3,45.0,25,27.0,17.0,1.0,16.0,37.0,43.2,21.0,20.0,6.0,14.0,11,56.0,26.0,2.0,Partidos
587,Largie Ramazani,be BEL,"DL,CC",23-013,14.7,12.0,7,5.0,6.0,1.0,6.0,26.0,23.1,20.0,11.0,2.0,9.0,25,37.0,8.0,0.0,Partidos
588,Léo Baptistão,br BRA,DL,31-198,13.4,15.0,8,6.0,4.0,5.0,6.0,18.0,33.3,12.0,7.0,1.0,6.0,6,21.0,16.0,0.0,Partidos
589,César Montes,mx MEX,DF,27-016,12.0,15.0,9,7.0,8.0,0.0,6.0,10.0,60.0,4.0,14.0,4.0,10.0,7,22.0,53.0,0.0,Partidos
590,Pubill,es ESP,DF,20-265,11.2,34.0,17,26.0,6.0,2.0,16.0,29.0,55.2,13.0,12.0,5.0,7.0,9,43.0,36.0,0.0,Partidos
591,Gonzalo Melero,es ESP,"CC,DL",30-069,10.3,12.0,7,6.0,4.0,2.0,6.0,14.0,42.9,8.0,10.0,2.0,8.0,4,16.0,8.0,0.0,Partidos
592,Alejandro Pozo Pozo,es ESP,"DF,CC",25-018,9.4,17.0,10,9.0,6.0,2.0,10.0,18.0,55.6,8.0,13.0,4.0,9.0,5,22.0,19.0,0.0,Partidos
593,Luis Javier Suárez,co COL,"DL,CC",26-100,8.0,5.0,4,2.0,3.0,0.0,1.0,4.0,25.0,3.0,9.0,0.0,9.0,0,5.0,9.0,0.0,Partidos
594,Kaiky,br BRA,DF,20-059,5.8,7.0,4,6.0,0.0,1.0,3.0,6.0,50.0,3.0,9.0,7.0,2.0,3,10.0,29.0,1.0,Partidos
595,Álex Centelles,es ESP,DF,26-124,4.9,8.0,4,7.0,1.0,0.0,5.0,12.0,41.7,7.0,4.0,2.0,2.0,8,16.0,14.0,0.0,Partidos
596,Houboulang Mendes,gw GNB,DF,25-312,4.4,16.0,13,11.0,5.0,0.0,8.0,16.0,50.0,8.0,4.0,2.0,2.0,1,17.0,17.0,1.0,Partidos
597,Aleksandar Radovanović,rs SRB,DF,30-121,3.8,5.0,4,5.0,0.0,0.0,4.0,4.0,100.0,0.0,6.0,6.0,0.0,6,11.0,35.0,0.0,Partidos
598,Anthony Lozano,hn HON,DL,30-321,3.4,1.0,1,0.0,1.0,0.0,1.0,2.0,50.0,1.0,1.0,0.0,1.0,1,2.0,7.0,0.0,Partidos
599,Bruno Langa,mz MOZ,DF,26-132,3.0,5.0,3,4.0,1.0,0.0,2.0,5.0,40.0,3.0,8.0,3.0,5.0,2,7.0,16.0,1.0,Partidos
600,Arnau Puigmal,es ESP,"DL,DF",23-061,2.8,2.0,1,1.0,1.0,0.0,1.0,3.0,33.3,2.0,3.0,0.0,3.0,3,5.0,2.0,0.0,Partidos
601,Jonathan Viera,es ESP,CC,34-142,2.3,3.0,0,1.0,2.0,0.0,3.0,5.0,60.0,2.0,0.0,0.0,0.0,0,3.0,0.0,0.0,Partidos
602,Lázaro,br BRA,"DL,CC",21-365,3.2,4.0,1,2.0,0.0,2.0,2.0,8.0,25.0,6.0,4.0,0.0,4.0,1,5.0,1.0,0.0,Partidos
603,Ibrahima Koné,ml MLI,DL,24-269,2.9,1.0,0,1.0,0.0,0.0,1.0,1.0,100.0,0.0,1.0,0.0,1.0,0,1.0,4.0,0.0,Partidos
604,Fernando,es ESP,PO,33-275,2.0,0.0,0,0.0,0.0,0.0,0.0,0.0,,0.0,1.0,0.0,1.0,0,0.0,1.0,0.0,Partidos
605,Luka Romero,ar ARG,DL,19-114,1.7,1.0,0,0.0,1.0,0.0,1.0,1.0,100.0,0.0,5.0,0.0,5.0,0,1.0,1.0,0.0,Partidos
606,Marko Milovanović,rs SRB,"DL,CC",20-220,2.5,2.0,2,0.0,2.0,0.0,1.0,3.0,33.3,2.0,1.0,0.0,1.0,0,2.0,4.0,0.0,Partidos
607,Srđan Babić,rs SRB,DF,27-324,1.0,2.0,2,0.0,2.0,0.0,1.0,1.0,100.0,0.0,1.0,1.0,0.0,0,2.0,2.0,0.0,Partidos
608,Diego Mariño,es ESP,PO,33-307,1.0,0.0,0,0.0,0.0,0.0,0.0,0.0,,0.0,0.0,0.0,0.0,0,0.0,1.0,0.0,Partidos
609,Marciano Sanca,gw GNB,"DL,CC",20-008,0.5,0.0,0,0.0,0.0,0.0,0.0,0.0,,0.0,0.0,0.0,0.0,0,0.0,0.0,0.0,Partidos
610,Rachad Fettal,ma MAR,DL,19-055,0.2,,0,,,,,,,,,,,0,,,,Partidos
611,Total del equipo,,,26.1,27.0,469.0,269,269.0,158.0,42.0,205.0,426.0,48.1,221.0,308.0,100.0,208.0,209,678.0,586.0,9.0,
612,Total del oponente,,,27.7,27.0,422.0,260,191.0,161.0,70.0,237.0,449.0,52.8,212.0,253.0,78.0,175.0,191,613.0,510.0,9.0,
