,Jugador,País,Posc,Edad,90 s,TA,TR,2a amarilla,Fls,FR,PA,Pcz,Int,TklG,Penal ejecutado,Penal concedido,GC,Recup.,Ganados,Perdidos,% de ganados,Partidos
0,Federico Valverde,uy URU,CC,25-236,25.4,2,0,0,13,14,0,26,34,28,0.0,0.0,0,138.0,12.0,7.0,63.2,Partidos
1,Antonio Rüdiger,de GER,DF,31-011,23.0,7,0,0,21,4,1,4,10,13,0.0,0.0,0,98.0,41.0,20.0,67.2,Partidos
2,Rodrygo,br BRA,DL,23-065,21.5,2,0,0,10,37,12,28,7,10,1.0,0.0,0,56.0,5.0,17.0,22.7,Partidos
3,Jude Bellingham,eng ENG,"CC,DL",20-259,20.7,5,1,0,26,63,4,17,19,26,0.0,0.0,0,99.0,23.0,24.0,48.9,Partidos
4,Toni Kroos,de GER,CC,34-070,19.1,3,0,0,16,34,3,97,12,28,0.0,0.0,0,121.0,5.0,1.0,83.3,Partidos
5,Dani Carvajal,es ESP,DF,32-063,18.3,4,1,1,19,14,2,41,20,25,0.0,0.0,0,98.0,11.0,14.0,44.0,Partidos
6,Vinicius Júnior,br BRA,DL,23-246,16.1,4,0,0,18,42,6,44,1,10,0.0,0.0,0,34.0,1.0,7.0,12.5,Partidos
7,Aurélien Tchouaméni,fr FRA,"CC,DF",24-047,17.1,5,0,0,11,16,0,20,22,17,0.0,0.0,0,77.0,39.0,19.0,67.2,Partidos
8,Andriy Lunin,ua UKR,PO,25-032,16.0,1,0,0,0,2,0,0,0,0,0.0,0.0,0,15.0,4.0,0.0,100.0,Partidos
9,Ferland Mendy,fr FRA,DF,28-280,14.2,5,0,0,13,11,0,5,12,7,0.0,0.0,0,73.0,3.0,2.0,60.0,Partidos
10,Eduardo Camavinga,fr FRA,"CC,DF",21-125,14.3,6,0,0,37,47,0,4,21,31,0.0,1.0,0,112.0,15.0,9.0,62.5,Partidos
11,David Alaba,at AUT,DF,31-264,12.8,2,0,0,4,0,0,17,15,9,0.0,0.0,1,63.0,10.0,9.0,52.6,Partidos
12,Nacho,es ESP,DF,34-056,12.9,1,2,0,16,9,2,3,11,8,0.0,0.0,0,55.0,15.0,11.0,57.7,Partidos
13,Luka Modrić,hr CRO,CC,38-187,12.7,1,0,0,15,16,2,72,17,11,0.0,0.0,0,69.0,5.0,6.0,45.5,Partidos
14,Kepa Arrizabalaga,es ESP,PO,29-163,12.0,1,0,0,0,2,0,0,0,0,0.0,0.0,0,17.0,1.0,0.0,100.0,Partidos
15,Fran Garcia,es ESP,DF,24-213,11.4,1,0,0,7,11,9,45,15,10,0.0,0.0,0,78.0,5.0,11.0,31.3,Partidos
16,Brahim Díaz,es ESP,"DL,CC",24-224,11.3,0,0,0,18,27,4,26,3,14,0.0,0.0,0,50.0,1.0,6.0,14.3,Partidos
17,Joselu,es ESP,DL,33-353,13.4,1,0,0,9,10,15,5,5,3,0.0,0.0,0,31.0,30.0,24.0,55.6,Partidos
18,Lucas Vázquez,es ESP,DF,32-257,11.2,0,0,0,17,17,2,33,8,19,0.0,0.0,0,55.0,4.0,5.0,44.4,Partidos
19,Dani Ceballos,es ESP,"CC,DL",27-220,2.6,1,0,0,5,13,0,4,0,3,0.0,0.0,0,12.0,1.0,3.0,25.0,Partidos
20,Éder Militão,br BRA,DF,26-056,0.5,0,0,0,0,0,0,0,0,0,0.0,0.0,0,4.0,0.0,0.0,,Partidos
21,Arda Güler,tr TUR,"DL,CC",19-018,0.3,0,0,0,4,1,0,0,0,2,1.0,0.0,0,3.0,0.0,0.0,,Partidos
22,Nicolás Paz,ar ARG,"CC,DL",19-188,0.3,0,0,0,1,0,0,1,1,0,0.0,0.0,0,2.0,1.0,0.0,100.0,Partidos
23,Gonzalo García,es ESP,"DL,CC",19-356,0.2,0,0,0,0,1,0,0,0,0,0.0,0.0,0,1.0,0.0,0.0,,Partidos
24,Álvaro Muñoz,uy URU,DL,19-244,0.0,0,0,0,0,0,0,0,0,0,0.0,0.0,0,1.0,0.0,0.0,,Partidos
25,Total del equipo,,,28.0,28.0,52,4,1,280,391,62,492,233,274,2.0,1.0,1,1362.0,232.0,195.0,54.3,
26,Total del oponente,,,27.8,28.0,77,0,0,413,267,24,466,209,290,0.0,4.0,2,1212.0,195.0,232.0,45.7,
27,Paulo Gazzaniga,ar ARG,PO,32-072,28.0,2,0,0,0,6,0,0,0,2,0.0,0.0,0,27.0,7.0,0.0,100.0,Partidos
28,Aleix García,es ESP,CC,26-260,26.8,3,1,0,23,30,0,147,30,22,0.0,0.0,0,174.0,11.0,18.0,37.9,Partidos
29,Miguel Gutiérrez,es ESP,"DF,CC",22-231,26.7,3,0,0,19,19,4,79,18,16,0.0,0.0,0,168.0,18.0,14.0,56.3,Partidos
30,Sávio,br BRA,"CC,DL",19-339,25.1,4,0,0,22,45,13,89,14,22,1.0,0.0,0,133.0,4.0,13.0,23.5,Partidos
31,Iván Martín,es ESP,"CC,DL",25-029,21.7,4,0,0,24,25,1,4,15,20,0.0,1.0,0,100.0,6.0,20.0,23.1,Partidos
32,Daley Blind,nl NED,DF,34-005,23.0,5,0,0,12,6,0,8,16,13,0.0,0.0,0,108.0,29.0,24.0,54.7,Partidos
33,Artem Dovbyk,ua UKR,DL,26-267,19.3,1,0,0,20,11,20,0,0,2,0.0,0.0,0,16.0,29.0,32.0,47.5,Partidos
34,Eric García,es ESP,DF,23-065,19.6,3,0,0,18,19,3,4,22,21,0.0,0.0,0,89.0,26.0,30.0,46.4,Partidos
35,Viktor Tsyhankov,ua UKR,"CC,DL",26-120,17.9,0,0,0,13,30,4,51,10,17,0.0,1.0,0,74.0,13.0,13.0,50.0,Partidos
36,Yan Couto,br BRA,"DF,CC",21-285,19.1,6,0,0,25,30,6,83,6,24,1.0,1.0,0,113.0,3.0,10.0,23.1,Partidos
37,Yangel Herrera,ve VEN,CC,26-060,16.8,5,0,0,54,47,2,20,16,24,1.0,0.0,0,95.0,51.0,37.0,58.0,Partidos
38,David López,es ESP,"DF,CC",34-157,15.0,3,0,0,9,12,1,0,16,18,0.0,0.0,0,92.0,22.0,29.0,43.1,Partidos
39,Arnau Martinez,es ESP,DF,20-324,11.0,4,0,0,13,18,1,6,10,14,0.0,0.0,0,52.0,8.0,9.0,47.1,Partidos
40,Portu,es ESP,"CC,DL",31-298,8.9,1,0,0,10,10,6,17,1,10,0.0,0.0,0,23.0,4.0,14.0,22.2,Partidos
41,Cristhian Stuani,uy URU,DL,37-154,8.1,5,0,0,27,7,4,1,5,11,0.0,0.0,0,12.0,22.0,22.0,50.0,Partidos
42,Juanpe,es ESP,DF,32-319,6.7,4,0,0,5,0,0,1,6,4,0.0,0.0,0,22.0,18.0,11.0,62.1,Partidos
43,Pablo Torre,es ESP,"CC,DL",20-346,5.6,0,0,0,6,14,0,4,4,1,0.0,0.0,0,25.0,0.0,5.0,0.0,Partidos
44,Valery Fernández,es ESP,"CC,DF",24-112,5.0,1,0,0,5,13,3,13,1,7,0.0,0.0,0,28.0,2.0,3.0,40.0,Partidos
45,Jhon Solis,co COL,CC,19-163,2.8,0,0,0,5,3,0,0,4,4,0.0,0.0,0,14.0,3.0,11.0,21.4,Partidos
46,Antal Yaakobishvili,hu HUN,DF,19-246,0.7,0,0,0,1,0,0,0,3,1,0.0,0.0,0,3.0,2.0,1.0,66.7,Partidos
47,Ibrahima Kebe,ml MLI,CC,23-225,0.1,1,0,0,1,2,0,0,1,1,0.0,0.0,0,5.0,3.0,2.0,60.0,Partidos
48,Bernardo Espinosa,co COL,DF,34-247,0.0,0,0,0,0,1,0,0,0,1,0.0,0.0,0,1.0,1.0,1.0,50.0,Partidos
49,Silvi Clúa,es ESP,CC,19-045,0.0,0,0,0,1,0,0,0,0,0,0.0,0.0,0,0.0,0.0,0.0,,Partidos
50,Jastin García,es ESP,CC,20-059,0.0,0,0,0,0,0,0,0,0,0,0.0,0.0,0,0.0,0.0,0.0,,Partidos
51,Total del equipo,,,26.7,28.0,56,1,0,313,348,68,527,198,255,3.0,3.0,0,1374.0,282.0,319.0,46.9,
52,Total del oponente,,,28.0,28.0,71,3,1,363,295,37,555,217,305,2.0,3.0,0,1345.0,316.0,282.0,52.8,
53,İlkay Gündoğan,de GER,CC,33-142,25.3,3,0,0,10,30,4,122,18,13,1.0,0.0,0,149.0,6.0,16.0,27.3,Partidos
54,Robert Lewandowski,pl POL,DL,35-206,23.0,4,0,0,19,44,19,12,5,5,1.0,0.0,0,40.0,39.0,38.0,50.6,Partidos
55,Jules Koundé,fr FRA,DF,25-123,22.9,1,0,0,16,9,2,28,20,17,0.0,0.0,0,118.0,60.0,35.0,63.2,Partidos
56,João Cancelo,pt POR,DF,29-292,20.8,4,0,0,28,22,4,63,20,34,0.0,0.0,0,130.0,21.0,22.0,48.8,Partidos
57,Andreas Christensen,dk DEN,"DF,CC",27-339,17.5,4,0,0,18,6,0,0,17,10,0.0,0.0,0,82.0,44.0,18.0,71.0,Partidos
58,Frenkie de Jong,nl NED,CC,26-307,17.7,7,0,0,18,22,1,24,13,26,0.0,0.0,0,116.0,23.0,17.0,57.5,Partidos
59,Marc-André ter Stegen,de GER,PO,31-319,18.0,2,0,0,0,1,0,0,0,0,0.0,0.0,0,38.0,3.0,0.0,100.0,Partidos
60,Ronald Araújo,uy URU,DF,25-007,17.9,5,0,0,24,9,0,8,9,18,0.0,0.0,0,80.0,48.0,22.0,68.6,Partidos
61,João Félix,pt POR,DL,24-125,13.4,3,0,0,15,45,7,15,8,13,0.0,0.0,0,57.0,7.0,8.0,46.7,Partidos
62,Alejandro Balde,es ESP,DF,20-148,15.3,1,0,0,9,18,4,37,5,11,0.0,0.0,0,67.0,12.0,13.0,48.0,Partidos
63,Lamine Yamal,es ESP,DL,16-245,16.4,2,0,0,15,36,3,57,15,30,1.0,0.0,0,76.0,2.0,11.0,15.4,Partidos
64,Pedri,es ESP,"CC,DL",21-110,12.1,3,0,0,9,17,1,9,10,18,0.0,0.0,0,60.0,0.0,3.0,0.0,Partidos
65,Raphinha,br BRA,"DL,CC",27-091,10.1,2,1,0,11,21,5,56,7,5,1.0,0.0,0,57.0,9.0,4.0,69.2,Partidos
66,Gavi,es ESP,"CC,DL",19-222,10.5,5,0,0,31,23,4,8,8,21,0.0,0.0,0,44.0,13.0,26.0,33.3,Partidos
67,Ferrán Torres,es ESP,DL,24-014,10.4,2,0,0,6,9,12,15,3,5,1.0,0.0,0,36.0,2.0,11.0,15.4,Partidos
68,Iñaki Peña,es ESP,PO,25-012,10.0,0,0,0,0,1,0,0,0,0,0.0,0.0,0,12.0,4.0,0.0,100.0,Partidos
69,Oriol Romeu,es ESP,CC,32-172,8.4,4,0,0,14,10,0,6,9,17,0.0,0.0,0,48.0,13.0,16.0,44.8,Partidos
70,Iñigo Martínez,es ESP,DF,32-302,8.8,4,0,0,8,8,1,1,7,5,0.0,0.0,0,47.0,26.0,23.0,53.1,Partidos
71,Pau Cubarsí,es ESP,DF,17-052,8.1,0,0,0,5,1,0,1,7,10,0.0,0.0,0,27.0,16.0,17.0,48.5,Partidos
72,Fermin López,es ESP,"CC,DL",20-308,8.9,2,0,0,26,12,2,6,2,13,0.0,0.0,0,42.0,5.0,12.0,29.4,Partidos
73,Sergi Roberto,es ESP,"CC,DF",32-036,4.0,1,0,0,2,1,1,8,2,4,0.0,0.0,0,22.0,2.0,5.0,28.6,Partidos
74,Marcos Alonso,es ESP,DF,33-077,1.8,0,0,0,4,3,0,8,4,3,0.0,0.0,0,11.0,2.0,1.0,66.7,Partidos
75,Vitor Roque,br BRA,DL,19-015,2.2,3,1,1,8,5,2,1,0,1,0.0,0.0,0,5.0,3.0,3.0,50.0,Partidos
76,Héctor Fort,es ESP,DF,17-225,1.1,0,0,0,4,1,0,1,2,1,0.0,0.0,0,5.0,0.0,1.0,0.0,Partidos
77,Marc Guiu,es ESP,"DL,CC",18-070,0.8,1,0,0,1,2,1,0,0,0,0.0,0.0,0,1.0,1.0,3.0,25.0,Partidos
78,Abdessamad Ezzalzouli,ma MAR,"DL,CC",22-088,0.8,0,0,0,1,3,0,7,0,1,0.0,0.0,0,2.0,1.0,2.0,33.3,Partidos
79,Eric García,es ESP,DF,23-065,0.6,1,0,0,1,0,0,0,0,0,0.0,0.0,0,3.0,1.0,0.0,100.0,Partidos
80,Ansu Fati,es ESP,"CC,DL",21-135,0.6,0,0,0,0,4,1,0,0,0,0.0,0.0,0,2.0,1.0,1.0,50.0,Partidos
81,Total del equipo,,,26.7,28.0,64,2,1,303,363,74,493,191,281,5.0,0.0,0,1377.0,364.0,328.0,52.6,
82,Total del oponente,,,27.6,28.0,81,5,2,381,296,82,441,247,282,0.0,5.0,3,1268.0,328.0,364.0,47.4,
83,Jan Oblak,si SVN,PO,31-067,28.0,1,0,0,0,1,0,0,0,0,0.0,0.0,0,23.0,5.0,0.0,100.0,Partidos
84,Axel Witsel,be BEL,DF,35-062,23.7,3,0,0,15,20,0,3,11,15,0.0,0.0,0,122.0,48.0,20.0,70.6,Partidos
85,Mario Hermoso,es ESP,DF,28-270,22.6,7,0,0,24,21,1,35,24,21,1.0,0.0,0,136.0,42.0,24.0,63.6,Partidos
86,Antoine Griezmann,fr FRA,"DL,CC",32-359,21.6,3,0,0,10,17,14,92,9,13,0.0,0.0,0,71.0,9.0,24.0,27.3,Partidos
87,Koke,es ESP,CC,32-066,18.6,4,0,0,11,10,0,7,13,35,0.0,0.0,0,135.0,13.0,12.0,52.0,Partidos
88,Marcos Llorente,es ESP,"CC,DF",29-044,20.8,4,0,0,23,19,15,54,10,15,0.0,0.0,0,88.0,12.0,23.0,34.3,Partidos
89,Álvaro Morata,es ESP,DL,31-143,18.5,4,1,1,26,28,26,9,1,6,2.0,0.0,0,50.0,35.0,24.0,59.3,Partidos
90,Rodrigo De Paul,ar ARG,CC,29-295,16.8,4,0,0,18,45,1,36,9,18,0.0,0.0,0,120.0,4.0,1.0,80.0,Partidos
91,Samuel Lino,br BRA,DF,24-082,15.7,1,0,0,16,38,6,30,10,25,1.0,0.0,0,102.0,5.0,14.0,26.3,Partidos
92,Nahuel Molina,ar ARG,DF,25-343,16.5,4,0,0,18,15,4,72,8,19,0.0,0.0,0,101.0,2.0,8.0,20.0,Partidos
93,Stefan Savić,me MNE,DF,33-066,13.1,5,1,1,15,5,1,2,23,13,0.0,0.0,0,58.0,33.0,20.0,62.3,Partidos
94,Saúl Ñíguez,es ESP,CC,29-114,13.5,6,0,0,33,12,2,14,13,34,0.0,0.0,0,65.0,42.0,27.0,60.9,Partidos
95,Pablo Barrios,es ESP,CC,20-273,12.6,3,0,0,15,17,0,10,22,18,0.0,0.0,0,78.0,9.0,9.0,50.0,Partidos
96,Rodrigo Riquelme,es ESP,"DF,CC",23-347,11.7,1,0,0,7,19,6,44,6,10,0.0,1.0,0,63.0,3.0,11.0,21.4,Partidos
97,César Azpilicueta,es ESP,DF,34-199,10.6,3,0,0,22,8,0,8,12,12,0.0,0.0,0,57.0,14.0,17.0,45.2,Partidos
98,José María Giménez,uy URU,DF,29-054,8.7,4,0,0,12,1,0,1,8,6,0.0,0.0,0,37.0,17.0,12.0,58.6,Partidos
99,Memphis,nl NED,DL,30-030,8.1,2,0,0,13,13,6,10,1,2,0.0,0.0,0,20.0,4.0,11.0,26.7,Partidos
100,Ángel Correa,ar ARG,"DL,CC",29-005,9.8,1,0,0,6,17,8,19,1,9,0.0,0.0,0,46.0,4.0,10.0,28.6,Partidos
101,Reinildo Mandava,mz MOZ,DF,30-053,4.6,1,0,0,6,3,0,2,9,13,0.0,0.0,0,33.0,10.0,8.0,55.6,Partidos
102,Gabriel Paulista,br BRA,DF,33-109,4.0,0,0,0,2,0,0,0,4,4,0.0,0.0,0,18.0,12.0,6.0,66.7,Partidos
103,Yannick Carrasco,be BEL,DF,30-192,2.5,0,0,0,2,2,1,8,1,4,0.0,0.0,0,15.0,0.0,1.0,0.0,Partidos
104,Thomas Lemar,fr FRA,CC,28-123,1.8,0,0,0,3,2,0,6,0,1,0.0,0.0,0,5.0,0.0,2.0,0.0,Partidos
105,Çağlar Söyüncü,tr TUR,DF,27-296,1.3,0,1,0,3,1,1,0,1,1,0.0,1.0,0,9.0,1.0,0.0,100.0,Partidos
106,Arthur Vermeeren,be BEL,CC,19-036,0.9,1,0,0,5,1,0,0,5,0,0.0,0.0,0,11.0,1.0,3.0,25.0,Partidos
107,Javi Galán,es ESP,DF,29-116,1.0,1,0,0,1,4,0,6,1,4,0.0,0.0,0,7.0,3.0,1.0,75.0,Partidos
108,Salim El Jebari,ma MAR,CC,20-038,0.1,0,0,0,1,0,0,1,0,0,0.0,0.0,0,0.0,0.0,2.0,0.0,Partidos
109,Total del equipo,,,29.8,28.0,63,3,2,307,319,92,469,202,298,4.0,2.0,0,1470.0,328.0,290.0,53.1,
110,Total del oponente,,,27.6,28.0,54,2,0,335,286,30,564,217,251,1.0,5.0,1,1436.0,288.0,327.0,46.8,
111,Unai Simón,es ESP,PO,26-277,28.0,2,0,0,0,7,0,0,1,1,0.0,0.0,0,37.0,6.0,0.0,100.0,Partidos
112,Daniel Vivian,es ESP,DF,24-243,24.7,6,0,0,31,22,1,2,21,23,0.0,0.0,0,174.0,22.0,36.0,37.9,Partidos
113,Gorka Guruzeta,es ESP,DL,27-184,20.7,2,0,0,37,22,11,10,16,17,1.0,1.0,0,73.0,69.0,84.0,45.1,Partidos
114,Aitor Paredes,es ESP,DF,23-320,23.7,5,0,0,29,7,0,1,22,9,0.0,0.0,0,113.0,52.0,29.0,64.2,Partidos
115,Iñaki Williams,gh GHA,DL,29-273,23.6,3,0,0,21,33,21,89,12,14,0.0,0.0,0,98.0,25.0,16.0,61.0,Partidos
116,Oihan Sancet,es ESP,CC,23-324,18.9,3,2,1,27,29,2,23,7,11,0.0,0.0,0,87.0,22.0,15.0,59.5,Partidos
117,Nico Williams,es ESP,DL,21-246,18.0,5,1,1,14,27,10,113,3,10,3.0,0.0,0,96.0,4.0,8.0,33.3,Partidos
118,Iñigo Ruiz de Galarreta,es ESP,CC,30-221,18.2,4,0,0,43,31,0,49,10,27,0.0,0.0,1,113.0,21.0,21.0,50.0,Partidos
119,Óscar de Marcos,es ESP,DF,34-335,18.5,4,0,0,18,12,2,82,10,36,0.0,0.0,0,96.0,11.0,7.0,61.1,Partidos
120,Yuri Berchiche,es ESP,DF,34-033,16.7,3,0,0,25,28,0,37,17,19,0.0,0.0,1,102.0,30.0,16.0,65.2,Partidos
121,Iñigo Lekue,es ESP,DF,30-315,15.0,4,0,0,13,3,0,28,8,14,0.0,0.0,0,94.0,10.0,6.0,62.5,Partidos
122,Mikel Vesga,es ESP,CC,30-298,13.9,2,0,0,25,3,0,10,25,13,0.0,0.0,0,94.0,26.0,27.0,49.1,Partidos
123,Álex Berenguer,es ESP,DL,28-254,12.3,4,0,0,20,15,10,106,4,9,0.0,0.0,0,50.0,19.0,30.0,38.8,Partidos
124,Beñat Prados,es ESP,"CC,DF",23-035,9.8,0,0,0,21,17,0,4,11,16,0.0,0.0,0,69.0,15.0,18.0,45.5,Partidos
125,Ander Herrera,es ESP,CC,34-213,8.8,2,0,0,16,10,0,6,14,27,0.0,0.0,0,63.0,10.0,19.0,34.5,Partidos
126,Yeray Álvarez,es ESP,DF,29-050,7.2,1,0,0,10,6,0,1,9,7,0.0,0.0,0,39.0,29.0,6.0,82.9,Partidos
127,Dani García,es ESP,CC,33-295,5.8,4,0,0,7,5,0,0,6,5,0.0,0.0,0,28.0,3.0,7.0,30.0,Partidos
128,Unai Gómez,es ESP,CC,20-294,5.6,1,0,0,5,14,0,10,1,9,0.0,0.0,0,27.0,6.0,11.0,35.3,Partidos
129,Imanol,es ESP,DF,23-280,4.4,2,0,0,4,2,0,19,6,4,0.0,0.0,0,29.0,8.0,4.0,66.7,Partidos
130,Iker Muniain,es ESP,"CC,DL",31-086,4.4,1,0,0,5,7,0,26,0,0,0.0,0.0,0,21.0,1.0,9.0,10.0,Partidos
131,Asier Villalibre,es ESP,DL,26-166,3.8,0,0,0,7,9,3,2,0,1,0.0,0.0,0,10.0,16.0,15.0,51.6,Partidos
132,Adu Ares,es ESP,"DL,CC",22-154,1.7,2,0,0,3,8,1,9,1,4,0.0,0.0,0,9.0,0.0,2.0,0.0,Partidos
133,Raúl García,es ESP,"DL,CC",37-247,2.2,3,0,0,12,6,1,2,2,3,0.0,0.0,0,10.0,13.0,8.0,61.9,Partidos
134,Mikel Jauregizar,es ESP,CC,20-123,0.7,0,0,0,2,1,0,4,0,0,,,0,,,,,Partidos
135,Peru Nolaskoain,es ESP,"DF,CC",25-141,0.1,0,0,0,0,0,0,0,0,1,0.0,0.0,0,1.0,2.0,0.0,100.0,Partidos
136,Total del equipo,,,28.0,28.0,63,3,2,395,324,62,633,206,280,4.0,1.0,2,1533.0,420.0,394.0,51.6,
137,Total del oponente,,,27.5,28.0,61,2,1,342,377,75,445,277,307,0.0,5.0,2,1556.0,397.0,421.0,48.5,
138,Álex Remiro,es ESP,PO,28-356,26.4,3,1,0,1,3,0,0,0,0,0.0,0.0,0,48.0,4.0,0.0,100.0,Partidos
139,Martín Zubimendi,es ESP,CC,25-041,25.7,3,0,0,31,20,0,3,33,23,0.0,0.0,0,147.0,37.0,25.0,59.7,Partidos
140,Igor Zubeldia,es ESP,DF,26-350,24.0,10,0,0,37,8,0,2,29,21,0.0,0.0,0,138.0,65.0,65.0,50.0,Partidos
141,Brais Méndez,es ESP,"CC,DL",27-067,22.0,6,0,0,47,45,3,93,8,23,1.0,0.0,0,101.0,22.0,32.0,40.7,Partidos
142,Robin Le Normand,es ESP,DF,27-124,20.5,9,0,0,23,16,1,1,24,19,0.0,1.0,1,82.0,84.0,49.0,63.2,Partidos
143,Hamari Traoré,ml MLI,DF,32-047,19.1,6,0,0,23,16,1,37,18,17,0.0,0.0,0,110.0,23.0,29.0,44.2,Partidos
144,Takefusa Kubo,jp JPN,"DL,CC",22-284,18.7,1,0,0,15,42,8,113,9,14,0.0,0.0,0,76.0,7.0,13.0,35.0,Partidos
145,Mikel Merino,es ESP,CC,27-266,18.6,7,0,0,51,44,5,14,9,24,0.0,1.0,0,139.0,115.0,75.0,60.5,Partidos
146,Mikel Oyarzabal,es ESP,"DL,CC",26-328,16.1,2,0,0,13,13,13,9,4,14,0.0,0.0,0,50.0,21.0,35.0,37.5,Partidos
147,Ander Barrenetxea,es ESP,"DL,CC",22-078,11.0,1,0,0,17,16,2,35,5,12,0.0,0.0,0,62.0,11.0,19.0,36.7,Partidos
148,Beñat Turrientes,es ESP,CC,22-043,11.9,3,0,0,27,25,0,12,3,13,0.0,0.0,0,52.0,13.0,28.0,31.7,Partidos
149,Umar Sadiq,ng NGA,DL,27-041,11.7,4,0,0,44,19,27,12,0,9,0.0,0.0,0,34.0,29.0,49.0,37.2,Partidos
150,Aihen Muñoz,es ESP,DF,26-211,12.5,2,0,0,17,8,0,29,9,21,0.0,0.0,0,66.0,23.0,17.0,57.5,Partidos
151,Kieran Tierney,sct SCO,DF,26-283,10.2,1,0,0,5,7,0,21,10,19,0.0,0.0,0,41.0,12.0,15.0,44.4,Partidos
152,Arsen Zakharyan,ru RUS,"CC,DL",20-293,8.6,1,0,0,13,8,2,50,1,12,0.0,0.0,0,35.0,10.0,15.0,40.0,Partidos
153,Jon Pacheco,es ESP,DF,23-066,10.2,5,0,0,21,1,0,1,5,7,0.0,0.0,0,26.0,38.0,23.0,62.3,Partidos
154,André Silva,pt POR,DL,28-129,5.8,1,0,0,9,5,4,0,1,2,0.0,0.0,0,18.0,10.0,13.0,43.5,Partidos
155,Javi Galán,es ESP,DF,29-116,5.6,1,0,0,10,8,2,35,9,12,0.0,1.0,0,31.0,4.0,2.0,66.7,Partidos
156,Carlos Fernández,es ESP,DL,27-297,4.5,3,0,0,15,3,2,1,0,7,0.0,1.0,0,18.0,16.0,17.0,48.5,Partidos
157,Aritz Elustondo,es ESP,DF,29-352,5.5,1,0,0,5,8,0,1,5,4,0.0,0.0,0,25.0,17.0,9.0,65.4,Partidos
158,Jon Aramburu,ve VEN,DF,21-235,4.8,1,0,0,8,5,0,6,5,9,0.0,0.0,0,17.0,5.0,7.0,41.7,Partidos
159,Álvaro Odriozola,es ESP,DF,28-091,1.2,0,0,0,0,0,1,5,4,0,0.0,0.0,0,2.0,0.0,1.0,0.0,Partidos
160,Olasagasti,es ESP,CC,23-211,3.5,2,0,0,6,7,1,1,3,12,0.0,0.0,0,34.0,6.0,9.0,40.0,Partidos
161,Urko González,es ESP,CC,22-360,1.7,1,0,0,1,2,0,0,0,1,0.0,0.0,0,13.0,5.0,4.0,55.6,Partidos
162,Mohamed Ali Cho,fr FRA,"DL,CC",20-055,2.8,0,0,0,5,6,3,11,1,3,0.0,0.0,0,16.0,3.0,6.0,33.3,Partidos
163,Unai Marrero,es ESP,PO,22-157,1.6,0,0,0,0,0,0,0,0,0,0.0,0.0,0,3.0,0.0,0.0,,Partidos
164,Sheraldo Becker,sr SUR,"CC,DL",29-034,1.6,0,0,0,1,0,1,13,0,0,0.0,0.0,0,9.0,1.0,4.0,20.0,Partidos
165,Jon Magunacelaya,es ESP,"DL,CC",23-245,1.3,0,0,0,2,3,0,3,0,3,0.0,0.0,0,7.0,1.0,4.0,20.0,Partidos
166,Alex Sola,es ESP,"DF,CC",24-279,0.3,0,0,0,2,2,0,0,1,0,0.0,0.0,0,2.0,2.0,0.0,100.0,Partidos
167,Alberto Dadie,es ESP,CC,21-238,0.3,0,0,0,4,0,0,1,0,1,0.0,0.0,0,2.0,0.0,0.0,,Partidos
168,Total del equipo,,,26.4,28.0,74,1,0,453,340,76,509,196,302,1.0,4.0,1,1404.0,584.0,565.0,50.8,
169,Total del oponente,,,28.1,28.0,78,5,2,359,426,63,422,213,282,3.0,4.0,2,1277.0,564.0,582.0,49.2,
170,Germán Pezzella,ar ARG,DF,32-261,25.1,5,0,0,19,10,6,2,27,20,0.0,0.0,0,127.0,69.0,35.0,66.3,Partidos
171,Isco,es ESP,CC,31-328,20.5,7,0,0,24,62,3,131,8,19,0.0,0.0,0,97.0,11.0,31.0,26.2,Partidos
172,Marc Roca,es ESP,CC,27-109,20.2,5,0,0,46,23,0,21,16,34,0.0,0.0,0,140.0,8.0,20.0,28.6,Partidos
173,Rui Silva,pt POR,PO,30-036,18.5,3,0,0,2,4,0,0,1,0,0.0,2.0,1,29.0,4.0,2.0,66.7,Partidos
174,Ayoze Pérez,es ESP,DL,30-229,16.7,3,0,0,28,35,4,14,17,22,0.0,0.0,0,88.0,11.0,19.0,36.7,Partidos
175,Héctor Bellerín,es ESP,DF,28-361,16.4,0,1,0,17,9,1,34,19,19,0.0,0.0,1,76.0,15.0,33.0,31.3,Partidos
176,Willian José,br BRA,DL,32-112,15.8,0,1,0,5,14,6,6,1,2,0.0,0.0,0,32.0,28.0,35.0,44.4,Partidos
177,Chadi Riad,ma MAR,DF,20-271,15.5,0,0,0,7,6,1,0,13,15,0.0,0.0,0,84.0,30.0,23.0,56.6,Partidos
178,Guido Rodríguez,ar ARG,CC,29-337,13.3,6,0,0,17,26,2,3,18,13,0.0,1.0,0,100.0,12.0,10.0,54.5,Partidos
179,Juan Miranda,es ESP,DF,24-055,13.2,5,0,0,11,20,3,37,12,14,0.0,0.0,0,52.0,16.0,16.0,50.0,Partidos
180,Abner,br BRA,DF,23-292,12.9,3,0,0,12,2,1,24,11,17,0.0,1.0,0,65.0,13.0,10.0,56.5,Partidos
181,Assane Diao,es ESP,DL,18-189,11.4,4,0,0,12,22,1,9,7,11,0.0,0.0,0,45.0,14.0,22.0,38.9,Partidos
182,Rodri,es ESP,"DL,CC",23-303,9.6,0,0,0,4,20,3,27,7,8,0.0,0.0,0,44.0,0.0,9.0,0.0,Partidos
183,Aitor Ruibal,es ESP,"DF,DL",27-358,8.6,4,0,0,14,10,1,24,11,21,0.0,1.0,0,60.0,3.0,8.0,27.3,Partidos
184,Sokratis Papastathopoulos,gr GRE,DF,35-279,7.8,5,0,0,8,5,0,0,6,4,0.0,0.0,1,27.0,22.0,15.0,59.5,Partidos
185,Claudio Bravo,cl CHI,PO,40-336,7.0,0,0,0,0,1,0,0,0,0,0.0,0.0,0,14.0,2.0,0.0,100.0,Partidos
186,Johnny Cardoso,us USA,CC,22-176,6.9,2,0,0,10,8,0,0,18,15,1.0,0.0,0,48.0,19.0,10.0,65.5,Partidos
187,Luiz Henrique,br BRA,DL,23-072,6.8,1,0,0,7,15,0,24,5,11,0.0,0.0,0,29.0,15.0,14.0,51.7,Partidos
188,Nabil Fekir,fr FRA,"CC,DL",30-240,6.5,0,0,0,10,15,3,32,5,6,0.0,0.0,0,25.0,6.0,2.0,75.0,Partidos
189,Youssouf Sabaly,sn SEN,DF,31-009,6.0,0,0,0,2,3,0,12,7,7,0.0,0.0,0,34.0,5.0,4.0,55.6,Partidos
190,Sergi Altimira,es ESP,CC,22-202,5.6,1,0,0,7,6,0,1,8,8,0.0,0.0,0,38.0,2.0,3.0,40.0,Partidos
191,Abdessamad Ezzalzouli,ma MAR,DL,22-088,7.6,1,0,0,7,11,2,30,4,10,0.0,0.0,0,33.0,12.0,14.0,46.2,Partidos
192,Pablo Fornals,es ESP,"DL,CC",28-021,5.0,0,0,0,5,4,1,28,9,3,0.0,0.0,0,31.0,5.0,6.0,45.5,Partidos
193,Andrés Guardado,mx MEX,CC,37-168,5.0,2,0,0,10,3,0,11,6,12,0.0,0.0,0,37.0,4.0,7.0,36.4,Partidos
194,Borja Iglesias,es ESP,DL,31-057,4.5,2,0,0,7,5,7,1,2,0,0.0,1.0,0,7.0,6.0,7.0,46.2,Partidos
195,Luiz Felipe,it ITA,DF,26-358,4.0,1,0,0,2,1,0,0,4,3,0.0,0.0,0,23.0,2.0,6.0,25.0,Partidos
196,Ezequiel Ávila,ar ARG,DL,30-037,3.1,3,1,1,3,12,0,12,1,1,0.0,0.0,0,8.0,4.0,4.0,50.0,Partidos
197,William Carvalho,pt POR,CC,31-342,5.7,1,0,0,9,5,0,4,5,9,0.0,0.0,0,39.0,5.0,3.0,62.5,Partidos
198,Marc Bartra,es ESP,DF,33-059,2.5,1,0,0,4,1,0,0,3,3,0.0,0.0,0,15.0,4.0,4.0,50.0,Partidos
199,Francisco Barbosa,es ESP,PO,24-312,2.5,0,0,0,0,0,0,0,0,0,0.0,0.0,0,0.0,1.0,0.0,100.0,Partidos
200,Juan Cruz,es ESP,DL,23-324,0.8,0,0,0,2,2,0,0,0,0,0.0,0.0,0,4.0,1.0,0.0,100.0,Partidos
201,Ricardo Visus,es ESP,DF,22-325,0.8,0,0,0,3,1,0,0,1,0,,,0,,,,,Partidos
202,Pablo Busto,es ESP,DF,18-181,0.5,0,0,0,0,1,0,1,1,1,0.0,0.0,0,1.0,0.0,0.0,,Partidos
203,Paul Akouokou,ci CIV,CC,26-085,0.3,0,0,0,1,1,0,0,1,3,0.0,0.0,0,0.0,0.0,0.0,,Partidos
204,Cédric Bakambu,cd COD,DL,32-338,0.3,0,0,0,1,0,1,0,0,0,0.0,0.0,0,0.0,0.0,0.0,,Partidos
205,Total del equipo,,,28.4,28.0,65,3,1,316,363,46,488,254,311,1.0,6.0,3,1454.0,351.0,377.0,48.2,
206,Total del oponente,,,27.8,28.0,71,4,3,380,309,80,533,227,344,6.0,1.0,1,1401.0,376.0,351.0,51.7,
207,Giorgi Mamardashvili,ge GEO,PO,23-167,27.0,2,0,0,2,3,0,0,0,2,0.0,1.0,0,21.0,6.0,1.0,85.7,Partidos
208,José Luis García Vayá,es ESP,CC,25-216,26.7,3,0,0,43,27,1,101,31,45,0.0,1.0,0,178.0,44.0,35.0,55.7,Partidos
209,Hugo Duro,es ESP,DL,24-125,24.9,2,0,0,28,71,9,7,4,7,2.0,0.0,0,70.0,42.0,80.0,34.4,Partidos
210,Francisco Perez,es ESP,"CC,DL",21-187,19.5,4,0,0,29,20,8,42,11,17,0.0,0.0,0,95.0,3.0,15.0,16.7,Partidos
211,Cristhian Mosquera,co COL,DF,19-261,23.2,2,0,0,18,16,0,1,25,20,0.0,0.0,0,100.0,41.0,50.0,45.1,Partidos
212,José Luis Gayà,es ESP,DF,28-294,19.0,2,0,0,22,11,1,78,10,36,0.0,0.0,0,107.0,11.0,9.0,55.0,Partidos
213,Diego López,es ESP,"DL,CC",21-306,19.2,2,0,0,17,24,4,42,11,15,1.0,0.0,0,82.0,27.0,37.0,42.2,Partidos
214,Javier Guerra,es ESP,"CC,DL",21-073,19.4,3,1,0,32,27,1,12,10,16,0.0,0.0,0,118.0,11.0,24.0,31.4,Partidos
215,Thierry Correia,pt POR,DF,25-005,15.9,2,1,0,26,27,1,33,28,28,0.0,1.0,0,119.0,10.0,20.0,33.3,Partidos
216,Gabriel Paulista,br BRA,DF,33-109,15.5,6,1,1,11,4,0,0,24,7,0.0,0.0,0,70.0,29.0,19.0,60.4,Partidos
217,Dimitri Foulquier,fr FRA,"DF,CC",30-357,14.3,2,0,0,20,13,2,29,10,16,0.0,0.0,0,79.0,6.0,12.0,33.3,Partidos
218,Mouctar Diakhaby,gn GUI,"DF,CC",27-086,11.9,6,0,0,9,2,0,0,11,11,0.0,0.0,0,67.0,25.0,13.0,65.8,Partidos
219,Cenk Özkacar,tr TUR,DF,23-160,9.7,2,0,0,5,3,1,6,9,8,0.0,0.0,1,46.0,17.0,15.0,53.1,Partidos
220,Sergi Canós,es ESP,"CC,DL",27-041,8.5,0,0,0,8,8,1,17,7,8,0.0,0.0,0,44.0,9.0,4.0,69.2,Partidos
221,Hugo Guillamón,es ESP,CC,24-043,11.3,5,0,0,26,16,0,3,9,12,0.0,0.0,0,61.0,13.0,12.0,52.0,Partidos
222,Roman Yaremchuk,ua UKR,DL,28-108,7.7,2,0,0,6,11,13,1,1,2,0.0,0.0,0,22.0,19.0,32.0,37.3,Partidos
223,Selim Amallah,ma MAR,"DL,CC",27-120,6.5,5,1,1,19,22,1,4,10,12,0.0,0.0,0,36.0,10.0,15.0,40.0,Partidos
224,Domingos André Ribeiro Almeida,pt POR,"DL,CC",23-289,5.3,0,0,0,6,12,0,9,2,6,0.0,0.0,0,19.0,1.0,8.0,11.1,Partidos
225,Jesus Vazquez,es ESP,"DF,CC",21-072,3.3,1,0,0,4,5,1,12,0,3,0.0,0.0,0,21.0,4.0,12.0,25.0,Partidos
226,Yarek Hernandis,es ESP,DF,19-062,3.2,1,0,0,2,1,0,0,7,7,,,0,,,,,Partidos
227,Pablo Gozalbez,es ESP,"CC,DL",22-319,1.1,0,0,0,6,2,1,1,1,0,0.0,0.0,0,6.0,1.0,5.0,16.7,Partidos
228,Peter González,do DOM,"CC,DL",21-233,1.1,0,0,0,2,1,0,3,0,1,0.0,0.0,0,7.0,2.0,1.0,66.7,Partidos
229,Alberto Marí,es ESP,"DL,CC",22-247,0.6,0,0,0,5,1,2,0,0,1,0.0,0.0,0,2.0,2.0,9.0,18.2,Partidos
230,Hugo González,es ESP,"CC,DL",21-036,0.6,0,0,0,3,2,0,9,0,1,0.0,0.0,0,6.0,0.0,2.0,0.0,Partidos
231,Mario Dominguez,es ESP,DL,20-033,0.3,0,0,0,0,0,0,1,0,0,0.0,0.0,0,0.0,0.0,1.0,0.0,Partidos
232,César Tárrega,es ESP,DF,22-017,0.1,0,0,0,0,0,0,0,0,0,0.0,0.0,0,0.0,0.0,0.0,,Partidos
233,Total del equipo,,,24.8,27.0,52,4,2,349,329,47,411,221,281,3.0,3.0,1,1376.0,333.0,431.0,43.6,
234,Total del oponente,,,27.8,27.0,83,5,0,345,330,64,522,197,288,2.0,5.0,0,1385.0,432.0,336.0,56.3,
235,Álvaro Vallés,es ESP,PO,26-233,28.0,2,0,0,0,6,0,1,0,1,0.0,0.0,0,53.0,6.0,2.0,75.0,Partidos
236,Kirian Rodríguez,es ESP,CC,28-009,25.7,7,0,0,16,32,0,22,17,25,0.0,1.0,0,171.0,12.0,26.0,31.6,Partidos
237,Mika Màrmol,es ESP,DF,21-256,25.5,5,1,1,14,25,1,2,29,31,0.0,1.0,0,138.0,23.0,30.0,43.4,Partidos
238,Munir El Haddadi,ma MAR,DL,28-195,22.9,3,0,0,22,58,16,29,10,21,0.0,0.0,0,75.0,17.0,33.0,34.0,Partidos
239,Sergi Cardona,es ESP,DF,24-250,25.1,9,0,0,44,51,3,70,40,44,0.0,0.0,0,158.0,43.0,27.0,61.4,Partidos
240,Javier Muñoz,es ESP,CC,29-015,22.5,6,0,0,30,12,1,36,14,16,0.0,1.0,0,93.0,5.0,13.0,27.8,Partidos
241,Álex Suárez,es ESP,DF,30-362,19.8,5,0,0,19,24,1,10,13,25,0.0,1.0,0,83.0,30.0,32.0,48.4,Partidos
242,Saúl Coco,gq EQG,DF,25-034,18.4,5,0,0,15,15,0,1,15,13,0.0,0.0,1,85.0,46.0,28.0,62.2,Partidos
243,Máximo Perrone,ar ARG,CC,21-067,14.2,5,0,0,23,11,0,0,24,19,0.0,0.0,0,103.0,6.0,24.0,20.0,Partidos
244,Enzo Loiodice,fr FRA,CC,23-108,15.3,2,0,0,25,30,1,20,11,25,0.0,0.0,0,93.0,24.0,22.0,52.2,Partidos
245,Sandro Ramírez,es ESP,DL,28-249,13.3,1,0,0,9,25,9,54,1,7,1.0,0.0,0,42.0,5.0,5.0,50.0,Partidos
246,Alberto Moleiro,es ESP,"DL,CC",20-166,11.4,0,0,0,9,9,1,19,6,5,0.0,0.0,0,38.0,1.0,5.0,16.7,Partidos
247,Julian Araujo,mx MEX,DF,22-214,13.5,4,0,0,12,4,2,21,10,18,0.0,0.0,0,65.0,23.0,21.0,52.3,Partidos
248,Marvin,es ESP,"DL,DF",23-255,13.2,3,0,0,27,17,2,58,8,18,0.0,1.0,0,79.0,10.0,24.0,29.4,Partidos
249,Jonathan Viera,es ESP,"CC,DL",34-145,6.9,1,0,0,3,16,1,16,0,3,0.0,0.0,0,28.0,1.0,4.0,20.0,Partidos
250,Sory Kaba,gn GUI,DL,28-230,6.6,2,0,0,13,14,8,0,0,0,0.0,0.0,0,15.0,25.0,29.0,46.3,Partidos
251,Marc Cardona,es ESP,DL,28-250,6.0,3,0,0,8,16,11,5,1,5,1.0,0.0,0,19.0,6.0,12.0,33.3,Partidos
252,Francisco Jesús Crespo García,es ESP,DL,27-229,5.4,1,0,0,6,4,0,29,2,8,0.0,0.0,0,21.0,4.0,2.0,66.7,Partidos
253,Daley Sinkgraven,nl NED,DF,28-254,2.9,0,1,0,4,1,0,4,3,4,0.0,1.0,0,14.0,3.0,1.0,75.0,Partidos
254,Juan Herzog,es ESP,DF,20-306,2.2,1,0,0,1,1,0,0,2,4,0.0,0.0,0,9.0,2.0,2.0,50.0,Partidos
255,Álvaro Lemos,es ESP,DF,30-350,2.2,1,0,0,2,1,0,5,2,1,0.0,0.0,0,9.0,5.0,1.0,83.3,Partidos
256,Cristian Herrera,es ESP,"DL,CC",33-001,1.7,1,0,0,3,2,2,1,0,1,0.0,0.0,0,9.0,0.0,2.0,0.0,Partidos
257,José Campaña,es ESP,CC,30-288,1.1,0,0,0,0,3,0,3,1,2,0.0,0.0,0,11.0,2.0,0.0,100.0,Partidos
258,Eric Curbelo,es ESP,DF,30-060,1.0,0,0,0,0,0,0,0,2,1,0.0,0.0,0,10.0,0.0,1.0,0.0,Partidos
259,Omenuke Mfulu,cd COD,"CC,DL",29-360,0.9,1,0,0,0,2,0,0,2,3,0.0,0.0,0,7.0,3.0,4.0,42.9,Partidos
260,Benito Ramírez,es ESP,"DL,CC",28-247,1.9,0,0,0,2,1,2,21,1,2,0.0,0.0,0,12.0,0.0,8.0,0.0,Partidos
261,Iñaki González,es ESP,CC,19-231,0.1,0,0,0,0,0,0,0,0,0,0.0,0.0,0,0.0,0.0,0.0,,Partidos
262,Fabio González,es ESP,CC,27-031,0.0,0,0,0,0,0,0,0,0,0,0.0,0.0,0,1.0,0.0,0.0,,Partidos
263,Total del equipo,,,26.2,28.0,68,3,1,307,380,61,427,214,302,2.0,6.0,1,1441.0,302.0,358.0,45.8,
264,Total del oponente,,,27.9,28.0,70,4,2,399,280,127,544,246,297,5.0,4.0,0,1494.0,358.0,302.0,54.2,
265,David García,es ESP,DF,30-029,24.7,5,0,0,32,10,1,2,16,18,0.0,1.0,0,125.0,84.0,33.0,71.8,Partidos
266,Ante Budimir,hr CRO,DL,32-236,23.7,4,0,0,36,23,21,7,4,14,2.0,0.0,0,48.0,144.0,114.0,55.8,Partidos
267,Sergio Herrera,es ESP,PO,30-283,23.9,2,0,0,0,5,0,0,0,1,0.0,0.0,0,16.0,7.0,0.0,100.0,Partidos
268,Aimar Oroz,es ESP,CC,22-108,23.1,3,0,0,38,40,2,10,13,25,0.0,0.0,0,127.0,18.0,37.0,32.7,Partidos
269,Jesús Areso,es ESP,DF,24-256,20.6,2,0,0,21,12,1,78,12,14,0.0,0.0,0,94.0,19.0,15.0,55.9,Partidos
270,Catena,es ESP,DF,29-138,19.7,6,1,0,35,14,1,0,11,12,0.0,1.0,0,95.0,44.0,21.0,67.7,Partidos
271,Rubén Peña,es ESP,"DF,DL",32-240,16.6,2,0,0,21,17,1,80,21,22,0.0,0.0,0,101.0,13.0,34.0,27.7,Partidos
272,Moi Gómez,es ESP,"CC,DL",29-265,17.1,3,0,0,26,24,1,39,9,17,0.0,0.0,0,100.0,9.0,13.0,40.9,Partidos
273,Lucas Torró,es ESP,CC,29-239,15.2,4,0,0,32,14,0,1,28,12,0.0,0.0,0,93.0,50.0,27.0,64.9,Partidos
274,Johan Mojica,co COL,"DF,DL",31-206,15.9,1,0,0,18,11,0,93,18,19,0.0,0.0,0,125.0,10.0,11.0,47.6,Partidos
275,Jon Moncayola,es ESP,CC,25-306,14.7,2,0,0,19,8,0,68,12,15,0.0,0.0,0,69.0,13.0,11.0,54.2,Partidos
276,Juan Cruz Armada,es ESP,DF,31-230,14.6,3,0,0,17,3,1,15,7,11,0.0,0.0,0,62.0,17.0,14.0,54.8,Partidos
277,Iker Muñoz,es ESP,CC,21-130,11.9,2,0,0,19,32,0,6,6,11,0.0,0.0,0,63.0,36.0,27.0,57.1,Partidos
278,Rubén García,es ESP,DL,30-244,10.6,0,0,0,14,19,4,56,8,11,0.0,0.0,0,53.0,19.0,20.0,48.7,Partidos
279,Ezequiel Ávila,ar ARG,"DL,CC",30-037,9.6,3,2,0,8,20,4,79,4,2,0.0,0.0,0,37.0,10.0,20.0,33.3,Partidos
280,Jorge Herrando,es ESP,DF,23-015,8.4,2,0,0,10,5,0,0,9,7,0.0,0.0,0,24.0,9.0,13.0,40.9,Partidos
281,Raúl,es ESP,DL,23-132,8.7,3,0,0,10,9,7,4,2,2,0.0,0.0,0,17.0,32.0,45.0,41.6,Partidos
282,Pablo Ibáñez,es ESP,CC,25-176,7.8,4,0,0,17,9,1,9,5,8,1.0,0.0,0,41.0,21.0,26.0,44.7,Partidos
283,José Arnaiz,es ESP,"DL,CC",28-334,6.4,1,0,0,5,14,3,29,3,5,0.0,0.0,0,33.0,6.0,8.0,42.9,Partidos
284,Unai García,es ESP,DF,32-040,4.9,3,1,1,6,1,0,3,6,8,0.0,0.0,0,15.0,3.0,4.0,42.9,Partidos
285,Aitor Fernández,es ESP,PO,32-316,4.1,2,0,0,0,0,0,0,0,0,0.0,0.0,0,4.0,0.0,1.0,0.0,Partidos
286,Kike Barja,es ESP,"DL,CC",26-348,3.4,3,0,0,8,4,1,23,2,2,0.0,0.0,0,16.0,3.0,5.0,37.5,Partidos
287,Nacho Vidal,es ESP,"DF,DL",29-050,1.1,0,0,0,0,1,0,0,0,4,0.0,0.0,0,3.0,2.0,4.0,33.3,Partidos
288,Darko Brašanac,rs SRB,CC,32-031,0.5,0,0,0,1,0,0,1,0,0,0.0,0.0,0,0.0,1.0,1.0,50.0,Partidos
289,Iñigo Arguibide,es ESP,DF,18-330,0.2,0,0,0,1,0,0,0,0,0,0.0,0.0,0,1.0,1.0,0.0,100.0,Partidos
290,Total del equipo,,,28.6,28.0,60,4,1,394,295,49,603,196,240,3.0,2.0,0,1362.0,571.0,504.0,53.1,
291,Total del oponente,,,27.5,28.0,67,6,2,312,379,95,523,217,243,1.0,4.0,0,1438.0,503.0,567.0,47.0,
292,Filip Jørgensen,dk DEN,PO,21-333,27.0,3,0,0,1,3,0,0,2,1,0.0,1.0,0,27.0,11.0,0.0,100.0,Partidos
293,Alex Baena,es ESP,"CC,DL",22-238,20.8,8,1,0,38,43,6,130,10,14,0.0,0.0,0,96.0,6.0,11.0,35.3,Partidos
294,Gerard Moreno,es ESP,DL,31-342,21.3,0,0,0,19,33,15,20,6,10,0.0,0.0,0,77.0,25.0,24.0,51.0,Partidos
295,Daniel Parejo,es ESP,CC,34-333,20.9,3,0,0,14,43,0,44,12,23,0.0,0.0,0,129.0,22.0,7.0,75.9,Partidos
296,Alexander Sørloth,no NOR,DL,28-100,18.6,3,0,0,24,14,16,5,0,3,1.0,0.0,0,43.0,53.0,32.0,62.4,Partidos
297,Raúl Albiol,es ESP,DF,38-192,18.2,4,0,0,16,6,1,0,13,9,0.0,0.0,0,61.0,44.0,25.0,63.8,Partidos
298,Jorge Cuenca,es ESP,DF,24-118,16.6,5,0,0,21,10,0,6,17,24,0.0,0.0,0,61.0,54.0,30.0,64.3,Partidos
299,Étienne Capoue,fr FRA,CC,35-247,14.7,7,0,0,20,39,2,4,21,17,1.0,0.0,0,82.0,21.0,17.0,55.3,Partidos
300,Alberto Moreno,es ESP,"DF,CC",31-253,13.1,4,2,2,21,13,5,37,19,17,1.0,0.0,0,60.0,9.0,12.0,42.9,Partidos
301,Santi Comesaña,es ESP,CC,27-161,12.5,6,0,0,25,18,1,4,18,17,0.0,0.0,0,61.0,23.0,21.0,52.3,Partidos
302,Alfonso Pedraza,es ESP,DF,27-340,10.6,4,1,0,12,15,4,52,11,8,0.0,0.0,0,45.0,5.0,7.0,41.7,Partidos
303,Ilias Akhomach,es ESP,"CC,DL",19-333,12.7,3,0,0,32,26,2,23,9,19,0.0,0.0,0,53.0,3.0,7.0,30.0,Partidos
304,Juan Foyth,ar ARG,DF,26-062,11.8,1,0,0,18,7,0,18,12,15,0.0,0.0,0,58.0,26.0,16.0,61.9,Partidos
305,Adrià Altimira,es ESP,"DF,CC",22-352,8.6,3,0,0,12,4,0,5,5,7,0.0,1.0,0,42.0,2.0,7.0,22.2,Partidos
306,José Luis Morales,es ESP,"DL,CC",36-235,9.9,0,0,0,3,4,11,10,6,3,0.0,0.0,0,31.0,1.0,9.0,10.0,Partidos
307,Kiko Femenía,es ESP,DF,33-041,9.6,4,0,0,11,3,0,15,18,15,0.0,0.0,0,58.0,7.0,9.0,43.8,Partidos
308,Aïssa Mandi,dz ALG,DF,32-144,8.6,2,0,0,4,4,0,0,7,5,0.0,1.0,0,35.0,9.0,7.0,56.3,Partidos
309,Yeremi Pino,es ESP,"CC,DL",21-146,5.3,4,0,0,22,9,3,7,5,18,0.0,0.0,0,29.0,8.0,10.0,44.4,Partidos
310,Eric Bailly,ci CIV,DF,29-337,6.3,3,0,0,5,3,0,0,8,3,0.0,0.0,1,35.0,11.0,3.0,78.6,Partidos
311,Francis Coquelin,fr FRA,CC,32-306,6.3,1,0,0,8,5,0,1,14,5,0.0,0.0,0,29.0,8.0,5.0,61.5,Partidos
312,Matteo Gabbia,it ITA,DF,24-145,5.3,2,0,0,9,3,0,0,8,6,0.0,0.0,0,20.0,17.0,5.0,77.3,Partidos
313,Ramón Terrats,es ESP,CC,23-148,6.9,3,0,0,13,13,0,20,3,6,0.0,1.0,0,29.0,4.0,4.0,50.0,Partidos
314,Yerson Mosquera,co COL,DF,22-317,4.2,2,0,0,2,7,0,1,2,3,0.0,0.0,0,18.0,5.0,6.0,45.5,Partidos
315,Gonçalo Guedes,pt POR,"DL,CC",27-106,3.8,0,0,0,0,6,2,9,0,2,0.0,0.0,0,7.0,1.0,8.0,11.1,Partidos
316,Ben Brereton,cl CHI,"DL,CC",24-331,3.0,2,0,0,5,4,2,4,0,2,0.0,0.0,0,13.0,1.0,2.0,33.3,Partidos
317,Carlos Romero,es ESP,DF,22-137,2.7,1,0,0,2,6,0,10,1,5,0.0,0.0,0,25.0,1.0,2.0,33.3,Partidos
318,Bertrand Traoré,bf BFA,CC,28-190,1.7,1,0,0,2,4,1,3,0,1,0.0,0.0,0,4.0,1.0,1.0,50.0,Partidos
319,Manu Trigueros,es ESP,CC,32-149,2.3,0,0,0,4,2,1,2,2,4,0.0,0.0,0,9.0,4.0,1.0,80.0,Partidos
320,Denis Suárez,es ESP,"CC,DL",30-068,1.5,0,0,0,4,2,1,4,0,0,0.0,0.0,0,8.0,0.0,1.0,0.0,Partidos
321,Pepe Reina,es ESP,PO,41-196,1.0,1,1,0,0,0,0,0,0,0,0.0,0.0,0,0.0,0.0,0.0,,Partidos
322,Stefan Lekovic,rs SRB,DF,20-065,0.3,0,0,0,0,0,0,0,0,0,0.0,0.0,0,0.0,0.0,0.0,,Partidos
323,Pascu,es ESP,DL,20-340,0.2,0,0,0,0,0,0,0,0,0,0.0,0.0,0,1.0,0.0,1.0,0.0,Partidos
324,Total del equipo,,,28.6,28.0,80,5,2,367,349,73,434,229,262,3.0,4.0,1,1246.0,382.0,290.0,56.8,
325,Total del oponente,,,27.8,28.0,64,1,1,368,346,64,679,255,330,2.0,4.0,1,1410.0,290.0,382.0,43.2,
326,David Soria,es ESP,PO,30-345,28.0,3,0,0,1,1,0,0,0,0,0.0,1.0,0,40.0,3.0,0.0,100.0,Partidos
327,Nemanja Maksimović,rs SRB,CC,29-048,26.4,3,0,0,16,9,0,4,39,33,0.0,1.0,0,113.0,60.0,45.0,57.1,Partidos
328,Borja Mayoral,es ESP,DL,26-344,23.9,2,0,0,31,32,14,22,4,5,1.0,0.0,0,69.0,48.0,71.0,40.3,Partidos
329,Gastón Álvarez,uy URU,DF,23-356,21.7,5,0,0,29,8,1,20,32,27,0.0,0.0,0,112.0,38.0,22.0,63.3,Partidos
330,Djené,tg TOG,"DF,CC",32-074,19.8,13,1,1,43,26,1,23,16,12,0.0,0.0,0,123.0,27.0,22.0,55.1,Partidos
331,Diego Rico,es ESP,DF,31-020,21.6,7,0,0,17,46,2,95,33,34,0.0,0.0,0,127.0,23.0,17.0,57.5,Partidos
332,Mason Greenwood,eng ENG,"CC,DL",22-165,19.6,5,1,0,30,22,1,82,3,2,1.0,0.0,0,85.0,4.0,13.0,23.5,Partidos
333,Jaime Mata,es ESP,"DL,CC",35-142,14.1,8,1,1,42,17,20,37,15,14,0.0,0.0,0,48.0,34.0,34.0,50.0,Partidos
334,Luis Milla,es ESP,CC,29-159,15.0,5,0,0,28,23,0,80,23,24,0.0,0.0,0,115.0,22.0,15.0,59.5,Partidos
335,Omar Alderete,py PAR,DF,27-079,14.9,5,1,0,20,8,1,2,7,14,0.0,0.0,0,77.0,39.0,28.0,58.2,Partidos
336,Damián Suárez,uy URU,DF,35-322,14.4,7,1,0,24,12,0,49,10,21,0.0,1.0,0,77.0,9.0,9.0,50.0,Partidos
337,Juanmi Latasa,es ESP,DL,22-357,13.6,5,1,1,53,27,4,2,3,4,1.0,1.0,0,21.0,122.0,98.0,55.5,Partidos
338,Iglesias,es ESP,"DF,DL",25-255,13.4,3,0,0,15,5,1,54,15,20,0.0,0.0,0,67.0,10.0,9.0,52.6,Partidos
339,Domingos Duarte,pt POR,DF,29-004,10.1,5,2,1,8,8,0,1,8,4,0.0,0.0,0,45.0,14.0,10.0,58.3,Partidos
340,Carles Aleñá,es ESP,"CC,DL",26-069,9.5,4,0,0,15,15,3,29,3,6,0.0,0.0,0,43.0,10.0,18.0,35.7,Partidos
341,Carmona,es ESP,"CC,DF",22-045,8.3,6,0,0,26,11,3,12,11,8,0.0,0.0,0,45.0,12.0,15.0,44.4,Partidos
342,Stefan Mitrović,rs SRB,DF,33-297,7.8,3,0,0,13,2,0,0,6,3,0.0,1.0,0,27.0,11.0,20.0,35.5,Partidos
343,Jordi,es ESP,CC,23-069,5.3,0,0,0,15,5,1,18,7,10,0.0,1.0,0,29.0,9.0,17.0,34.6,Partidos
344,Mauro Arambarri,uy URU,CC,28-166,3.8,2,0,0,18,3,0,6,2,2,0.0,0.0,0,27.0,5.0,8.0,38.5,Partidos
345,Ilaix Moriba,gn GUI,CC,21-055,2.6,2,0,0,9,10,0,1,3,1,0.0,0.0,0,9.0,4.0,3.0,57.1,Partidos
346,Óscar Rodríguez Arnaiz,es ESP,"CC,DL",25-260,4.1,5,0,0,10,6,0,11,4,5,0.0,0.0,0,31.0,4.0,14.0,22.2,Partidos
347,Jesús Santiago,es ESP,CC,19-294,1.9,2,0,0,6,1,0,2,0,1,0.0,0.0,0,8.0,2.0,2.0,50.0,Partidos
348,Enes Ünal,tr TUR,"DL,CC",26-309,1.6,0,0,0,5,5,4,1,0,0,0.0,0.0,0,5.0,3.0,13.0,18.8,Partidos
349,Fabrizio Angileri,ar ARG,"DF,CC",29-365,1.1,2,1,0,0,1,0,5,2,0,0.0,0.0,0,11.0,4.0,4.0,50.0,Partidos
350,Portu,es ESP,DL,31-298,1.1,1,0,0,0,0,1,2,0,3,0.0,0.0,0,4.0,1.0,3.0,25.0,Partidos
351,Anthony Lozano,hn HON,"CC,DL",30-324,1.0,1,0,0,6,1,1,1,0,0,0.0,0.0,0,2.0,7.0,7.0,50.0,Partidos
352,Santiago García,,DL,22-198,0.3,0,0,0,1,1,0,0,0,0,0.0,0.0,0,5.0,0.0,0.0,,Partidos
353,Gorka Rivera Alonso,es ESP,DF,19-226,0.0,0,0,0,0,0,0,0,0,0,0.0,0.0,0,0.0,0.0,0.0,,Partidos
354,Total del equipo,,,28.3,28.0,104,9,4,481,305,58,559,246,253,3.0,6.0,0,1365.0,525.0,517.0,50.4,
355,Total del oponente,,,27.8,28.0,68,7,2,324,463,116,464,208,247,5.0,6.0,0,1454.0,514.0,524.0,49.5,
356,Antonio Sivera,es ESP,PO,27-216,28.0,2,0,0,0,2,0,0,0,0,0.0,0.0,0,20.0,6.0,1.0,85.7,Partidos
357,Ander Guevara,es ESP,CC,26-251,26.4,6,0,0,42,27,0,8,12,26,1.0,0.0,0,192.0,37.0,35.0,51.4,Partidos
358,Luis Rioja,es ESP,"DL,CC",30-150,24.4,3,0,0,21,18,9,159,16,18,1.0,0.0,0,117.0,10.0,20.0,33.3,Partidos
359,Andoni Gorosabel,es ESP,DF,27-223,25.6,5,0,0,23,31,0,60,21,29,0.0,0.0,0,133.0,21.0,45.0,31.8,Partidos
360,Jon Guridi,es ESP,CC,29-015,22.4,1,0,0,14,22,2,17,13,18,0.0,0.0,0,104.0,35.0,41.0,46.1,Partidos
361,Rafa Marín,es ESP,DF,21-300,20.2,4,0,0,22,12,0,1,19,16,0.0,0.0,1,94.0,47.0,36.0,56.6,Partidos
362,Antonio Blanco,es ESP,CC,23-235,19.5,1,1,0,23,30,0,12,24,28,0.0,0.0,0,126.0,15.0,14.0,51.7,Partidos
363,Abdel Abqar,ma MAR,DF,25-004,18.2,7,0,0,26,19,1,1,15,9,0.0,2.0,1,82.0,32.0,24.0,57.1,Partidos
364,Javi López,es ESP,DF,22-073,18.8,2,0,0,20,16,1,82,4,8,0.0,1.0,0,86.0,24.0,17.0,58.5,Partidos
365,Samuel Omorodion,es ESP,DL,19-314,17.1,4,0,0,22,22,12,2,1,3,1.0,0.0,0,40.0,39.0,65.0,37.5,Partidos
366,Rubén Duarte,es ESP,DF,28-148,16.0,5,0,0,24,22,0,56,20,19,0.0,0.0,0,82.0,18.0,24.0,42.9,Partidos
367,Alex Sola,es ESP,"DL,CC",24-279,11.7,2,0,0,10,21,9,67,9,14,0.0,1.0,0,66.0,15.0,13.0,53.6,Partidos
368,Aleksandar Sedlar,rs SRB,DF,32-092,10.5,2,0,0,14,4,1,0,13,10,0.0,1.0,0,49.0,17.0,18.0,48.6,Partidos
369,Kiké,es ESP,"DL,CC",34-110,11.2,3,0,0,16,30,6,6,0,2,2.0,0.0,0,40.0,36.0,45.0,44.4,Partidos
370,Abderrahman Rebbach,dz ALG,"DL,CC",25-216,7.0,1,0,0,12,8,2,55,3,4,0.0,0.0,0,29.0,6.0,13.0,31.6,Partidos
371,Ianis Hagi,ro ROU,"CC,DL",25-144,6.4,2,0,0,7,17,1,47,2,8,0.0,0.0,0,16.0,7.0,7.0,50.0,Partidos
372,Carlos Benavídez,uy URU,CC,25-350,7.4,2,0,0,26,6,1,3,14,19,0.0,2.0,0,44.0,25.0,24.0,51.0,Partidos
373,Nahuel Tenaglia,ar ARG,DF,28-022,6.2,2,0,0,8,5,2,6,8,10,0.0,0.0,0,21.0,15.0,13.0,53.6,Partidos
374,Carlos Vicente,es ESP,"DL,CC",24-326,5.4,1,0,0,7,12,4,37,2,3,0.0,0.0,0,18.0,10.0,15.0,40.0,Partidos
375,Xeber,es ESP,"DL,CC",26-262,3.0,1,0,0,9,0,1,14,1,4,0.0,0.0,0,16.0,2.0,4.0,33.3,Partidos
376,Miguel,es ESP,"DL,CC",24-193,0.7,0,0,0,2,3,0,0,0,0,0.0,0.0,0,3.0,1.0,2.0,33.3,Partidos
377,Giuliano Simeone,ar ARG,DL,21-087,0.8,0,0,0,1,0,0,1,0,1,0.0,0.0,0,5.0,0.0,3.0,0.0,Partidos
378,Mamadou Sylla,sn SEN,"DL,CC",29-360,0.2,0,0,0,1,2,0,0,0,0,0.0,0.0,0,1.0,3.0,3.0,50.0,Partidos
379,Jon Karrikaburu,es ESP,"CC,DL",21-177,0.2,0,0,0,1,0,1,0,0,0,0.0,0.0,0,2.0,0.0,0.0,,Partidos
380,Tomás Mendes,es ESP,CC,19-114,0.1,0,0,0,0,0,0,0,0,0,0.0,0.0,0,2.0,0.0,0.0,,Partidos
381,Unai Ropero,es ESP,CC,22-115,0.1,0,0,0,1,0,0,0,0,0,0.0,0.0,0,0.0,0.0,0.0,,Partidos
382,Joaquín Panichelli,ar ARG,DL,21-159,0.0,0,0,0,0,0,0,0,0,0,0.0,0.0,0,0.0,0.0,0.0,,Partidos
383,Victor Parada,es ESP,"DL,CC",21-345,0.0,0,0,0,0,0,0,0,0,1,0.0,0.0,0,0.0,0.0,0.0,,Partidos
384,Total del equipo,,,26.4,28.0,56,1,0,352,329,53,634,197,250,5.0,7.0,2,1388.0,421.0,482.0,46.6,
385,Total del oponente,,,28.1,28.0,77,6,2,353,332,40,542,170,259,6.0,5.0,3,1339.0,479.0,421.0,53.2,
386,Lucas Ocampos,ar ARG,"DL,CC",29-247,23.0,4,0,0,25,53,7,97,12,29,0.0,0.0,0,113.0,48.0,46.0,51.1,Partidos
387,Loïc Bade,fr FRA,DF,23-338,18.0,3,1,0,18,6,1,2,27,28,0.0,0.0,0,109.0,58.0,25.0,69.9,Partidos
388,Youssef En-Nesyri,ma MAR,DL,26-287,19.0,3,0,0,15,19,19,3,4,5,0.0,0.0,0,22.0,53.0,69.0,43.4,Partidos
389,Sergio Ramos,es ESP,DF,37-350,18.0,5,1,0,18,19,7,1,29,19,0.0,1.0,1,100.0,54.0,33.0,62.1,Partidos
390,Djibril Sow,ch SUI,CC,27-037,16.1,6,0,0,27,19,2,5,17,21,0.0,0.0,0,70.0,13.0,18.0,41.9,Partidos
391,Jesús Navas,es ESP,DF,38-114,16.0,4,1,0,10,8,0,96,19,21,0.0,1.0,0,83.0,10.0,13.0,43.5,Partidos
392,Boubakary Soumaré,fr FRA,CC,25-016,16.4,6,0,0,26,17,0,1,17,19,0.0,0.0,0,118.0,15.0,8.0,65.2,Partidos
393,Ivan Rakitić,hr CRO,CC,36-004,15.8,6,0,0,16,19,1,131,14,16,0.0,0.0,0,117.0,12.0,13.0,48.0,Partidos
394,Nemanja Gudelj,rs SRB,DF,32-119,15.5,6,0,0,24,8,0,2,20,14,0.0,0.0,0,66.0,31.0,19.0,62.0,Partidos
395,Óliver Torres,es ESP,CC,29-125,14.4,3,0,0,22,21,6,39,5,16,0.0,0.0,0,106.0,10.0,22.0,31.3,Partidos
396,Ørjan Nyland,no NOR,PO,33-186,14.0,0,0,0,0,2,0,0,0,0,0.0,0.0,0,18.0,5.0,0.0,100.0,Partidos
397,Adrià Pedrosa,es ESP,DF,25-306,16.4,1,0,0,5,30,1,89,14,22,0.0,0.0,0,89.0,10.0,20.0,33.3,Partidos
398,Suso,es ESP,"CC,DL",30-116,13.6,4,1,0,16,27,2,118,4,13,0.0,0.0,0,68.0,6.0,8.0,42.9,Partidos
399,Marko Dmitrović,rs SRB,PO,32-050,13.0,1,0,0,0,1,0,0,1,1,0.0,0.0,1,13.0,2.0,0.0,100.0,Partidos
400,Kike Salas,es ESP,DF,21-326,10.1,3,0,0,17,7,1,3,15,17,0.0,0.0,0,56.0,41.0,21.0,66.1,Partidos
401,Marcos Acuña,ar ARG,DF,32-138,8.1,3,0,0,6,9,1,43,4,12,0.0,0.0,0,59.0,10.0,5.0,66.7,Partidos
402,Juanlu Sánchez,es ESP,DF,20-212,11.3,2,0,0,9,21,1,52,10,31,0.0,2.0,0,58.0,13.0,12.0,52.0,Partidos
403,Dodi Lukebakio,be BEL,DL,26-172,8.4,0,0,0,14,15,3,29,2,2,0.0,0.0,0,22.0,9.0,8.0,52.9,Partidos
404,Isaac Bernal,es ESP,DL,23-301,7.7,1,0,0,19,10,5,10,0,1,,,0,,,,,Partidos
405,Fernando,br BRA,CC,36-233,5.1,0,0,0,6,3,0,4,7,8,0.0,0.0,0,35.0,10.0,8.0,55.6,Partidos
406,Érik Lamela,ar ARG,"DL,CC",32-010,4.2,3,0,0,15,3,3,10,1,11,0.0,0.0,0,19.0,3.0,5.0,37.5,Partidos
407,Joan Jordán,es ESP,CC,29-252,3.9,1,0,0,1,3,0,3,4,6,0.0,0.0,0,19.0,4.0,3.0,57.1,Partidos
408,Rafa Mir,es ESP,"DL,CC",26-270,4.3,1,0,0,9,5,3,2,1,2,0.0,0.0,0,12.0,12.0,19.0,38.7,Partidos
409,Marcão,br BRA,DF,27-283,3.4,2,0,0,4,6,0,0,3,5,0.0,0.0,0,17.0,5.0,3.0,62.5,Partidos
410,Mariano,do DOM,DL,30-226,2.4,1,0,0,6,1,3,1,0,1,1.0,0.0,0,7.0,9.0,9.0,50.0,Partidos
411,Tanguy Nianzou,fr FRA,DF,21-281,2.3,2,0,0,5,4,0,0,3,8,0.0,0.0,0,17.0,4.0,4.0,50.0,Partidos
412,Lucien Agoume,fr FRA,CC,22-034,1.7,1,0,0,2,0,0,1,2,3,0.0,0.0,0,13.0,3.0,1.0,75.0,Partidos
413,Hannibal Mejbri,tn TUN,CC,21-053,1.0,2,0,0,3,2,0,0,0,2,0.0,0.0,0,5.0,0.0,1.0,0.0,Partidos
414,Yassine Bounou,ma MAR,PO,32-344,1.0,0,0,0,0,0,0,0,0,0,0.0,0.0,0,0.0,0.0,0.0,,Partidos
415,Adnan Januzaj,be BEL,"DL,CC",29-038,2.1,0,0,0,3,9,0,8,1,3,0.0,0.0,0,9.0,3.0,1.0,75.0,Partidos
416,Diego Iturralde,es ESP,DF,20-333,0.4,0,0,0,1,0,0,0,0,0,0.0,0.0,0,1.0,0.0,0.0,,Partidos
417,Alejo Véliz,ar ARG,DL,20-177,0.3,0,0,0,2,1,0,0,0,0,0.0,0.0,0,0.0,2.0,1.0,66.7,Partidos
418,Manuel Sebastián,es ESP,CC,19-231,0.2,1,0,0,1,0,0,0,0,0,0.0,0.0,0,3.0,0.0,1.0,0.0,Partidos
419,Jesús Corona,mx MEX,"CC,DF",31-068,0.2,0,0,0,1,0,0,2,1,0,0.0,0.0,0,2.0,0.0,0.0,,Partidos
420,Federico Gattoni,ar ARG,"DF,DL",25-027,0.1,0,0,0,2,0,0,0,0,0,0.0,0.0,0,1.0,2.0,1.0,66.7,Partidos
421,Total del equipo,,,29.4,28.0,75,4,0,348,348,66,752,237,336,1.0,4.0,2,1447.0,457.0,397.0,53.5,
422,Total del oponente,,,27.9,28.0,60,2,1,365,324,42,491,177,260,1.0,1.0,2,1314.0,409.0,470.0,46.5,
423,Predrag Rajković,rs SRB,PO,28-135,28.0,2,0,0,0,3,0,0,0,1,0.0,0.0,0,29.0,4.0,1.0,80.0,Partidos
424,Dani Rodríguez,es ESP,CC,35-282,22.1,7,0,0,50,31,5,127,12,21,0.0,0.0,0,122.0,19.0,39.0,32.8,Partidos
425,Martin Valjent,sk SVK,DF,28-094,20.5,4,0,0,23,7,1,10,24,17,0.0,0.0,0,81.0,34.0,16.0,68.0,Partidos
426,Samu Costa,pt POR,CC,23-108,20.9,5,0,0,55,42,5,22,30,41,0.0,1.0,0,141.0,49.0,27.0,64.5,Partidos
427,Giovanni González,uy URU,DF,29-176,20.3,5,0,0,28,17,3,41,21,37,0.0,1.0,0,119.0,30.0,30.0,50.0,Partidos
428,Matija Nastasić,rs SRB,DF,30-352,19.1,7,0,0,20,7,2,3,22,12,0.0,0.0,0,74.0,28.0,22.0,56.0,Partidos
429,Vedat Muriqi,xk KVX,DL,29-325,17.7,2,0,0,28,28,22,5,5,5,0.0,0.0,0,49.0,112.0,88.0,56.0,Partidos
430,Antonio Sánchez,es ESP,CC,27-073,12.7,3,0,0,19,12,1,30,9,8,0.0,0.0,0,96.0,6.0,13.0,31.6,Partidos
431,Sergi Darder,es ESP,CC,30-083,18.1,4,0,0,15,29,1,105,15,21,0.0,0.0,0,106.0,7.0,10.0,41.2,Partidos
432,Antonio Raillo,es ESP,DF,32-158,15.4,3,1,1,16,8,1,1,19,15,0.0,0.0,0,69.0,78.0,41.0,65.5,Partidos
433,Cyle Larin,ca CAN,DL,28-332,15.5,6,0,0,22,25,26,4,2,7,0.0,1.0,0,31.0,68.0,77.0,46.9,Partidos
434,Jaume Costa,es ESP,DF,35-362,13.9,6,0,0,22,18,0,45,13,19,0.0,0.0,0,70.0,10.0,13.0,43.5,Partidos
435,Pablo Maffeo,es ESP,DF,26-246,12.5,3,1,0,19,16,4,51,8,15,0.0,0.0,0,66.0,24.0,17.0,58.5,Partidos
436,Toni Lato,es ESP,DF,26-114,12.9,3,0,0,14,16,2,39,11,19,1.0,0.0,0,62.0,6.0,15.0,28.6,Partidos
437,Manu Morlanes,es ESP,CC,25-062,12.7,2,0,0,12,17,0,12,11,20,0.0,0.0,0,90.0,16.0,13.0,55.2,Partidos
438,Omar Mascarell,es ESP,CC,31-041,11.7,6,1,1,25,10,0,2,23,13,0.0,0.0,0,67.0,26.0,19.0,57.8,Partidos
439,Copete,es ESP,DF,24-156,10.4,4,0,0,21,6,0,5,22,16,0.0,2.0,0,59.0,12.0,13.0,48.0,Partidos
440,Abdón Prats,es ESP,DL,31-098,10.4,4,0,0,15,13,3,7,2,3,0.0,0.0,0,24.0,30.0,46.0,39.5,Partidos
441,Siebe Van Der Heyden,be BEL,DF,25-289,3.2,2,1,0,8,1,1,0,7,2,0.0,0.0,0,10.0,8.0,6.0,57.1,Partidos
442,Amath,sn SEN,"DL,CC",27-242,4.4,2,0,0,10,7,4,7,3,6,1.0,0.0,0,21.0,6.0,5.0,54.5,Partidos
443,Nacho Vidal,es ESP,DF,29-050,1.9,1,0,0,4,2,0,10,2,1,0.0,0.0,0,7.0,4.0,2.0,66.7,Partidos
444,Nemanja Radonjić,rs SRB,CC,28-028,0.9,0,0,0,1,1,0,3,1,0,0.0,0.0,0,2.0,2.0,1.0,66.7,Partidos
445,Javier Llabrés,es ESP,"CC,DL",21-185,1.9,1,0,0,5,0,0,15,1,0,0.0,0.0,0,11.0,2.0,3.0,40.0,Partidos
446,Total del equipo,,,29.2,28.0,82,4,2,432,316,81,544,263,299,2.0,5.0,0,1406.0,581.0,517.0,52.9,
447,Total del oponente,,,27.6,28.0,44,1,0,336,412,29,512,225,217,3.0,3.0,0,1400.0,517.0,580.0,47.1,
448,Stole Dimitrievski,mk MKD,PO,30-080,28.0,2,0,0,0,3,0,0,0,1,0.0,0.0,0,26.0,5.0,1.0,83.3,Partidos
449,Florian Lejeune,fr FRA,DF,32-299,28.0,4,0,0,21,10,3,6,15,12,0.0,0.0,1,138.0,50.0,37.0,57.5,Partidos
450,Alfonso Espino,uy URU,DF,32-069,24.1,8,0,0,38,35,0,46,37,38,0.0,1.0,1,152.0,11.0,21.0,34.4,Partidos
451,Isaac Palazón Camacho,es ESP,"CC,DL",29-078,23.2,6,0,0,24,55,7,95,15,18,0.0,0.0,0,110.0,27.0,55.0,32.9,Partidos
452,Iván Balliu,al ALB,DF,32-073,24.0,4,0,0,26,26,8,53,24,21,0.0,0.0,0,103.0,25.0,22.0,53.2,Partidos
453,Óscar Valentín,es ESP,CC,29-207,23.0,4,1,1,53,31,0,4,25,45,0.0,0.0,0,126.0,28.0,41.0,40.6,Partidos
454,Álvaro García,es ESP,"DL,CC",31-139,21.9,8,1,1,22,19,21,94,28,19,1.0,0.0,0,82.0,12.0,21.0,36.4,Partidos
455,Unai López,es ESP,CC,28-136,16.9,5,0,0,44,17,1,49,9,16,0.0,0.0,0,130.0,8.0,11.0,42.1,Partidos
456,Aridane Hernández,es ESP,DF,34-357,17.8,3,0,0,11,12,0,0,13,8,0.0,1.0,0,81.0,33.0,17.0,66.0,Partidos
457,Raúl de Tomás,es ESP,DL,29-149,12.6,4,0,0,22,23,9,8,1,4,0.0,0.0,0,32.0,22.0,36.0,37.9,Partidos
458,Sergio Camello,es ESP,DL,23-033,12.5,2,0,0,14,8,2,1,1,4,0.0,0.0,0,38.0,6.0,32.0,15.8,Partidos
459,Óscar Trejo,ar ARG,"DL,CC",35-323,11.2,3,0,0,31,23,2,15,4,12,1.0,0.0,0,65.0,9.0,13.0,40.9,Partidos
460,Pathé Ciss,sn SEN,CC,29-364,13.4,6,0,0,18,22,2,3,23,13,0.0,0.0,0,95.0,39.0,31.0,55.7,Partidos
461,Abdul Mumin,gh GHA,DF,25-282,9.8,1,1,0,8,4,0,0,9,5,0.0,0.0,0,35.0,20.0,13.0,60.6,Partidos
462,Kike Pérez,es ESP,"CC,DL",27-029,9.1,7,0,0,42,32,0,17,8,11,0.0,0.0,0,54.0,10.0,25.0,28.6,Partidos
463,Jorge de Frutos,es ESP,"CC,DL",27-023,9.7,0,0,0,11,16,2,29,4,1,0.0,0.0,0,48.0,6.0,14.0,30.0,Partidos
464,Pep Chavarría,es ESP,"DF,CC",25-339,6.4,4,1,1,7,10,1,32,3,6,0.0,0.0,0,35.0,5.0,7.0,41.7,Partidos
465,Andrei Ratiu,ro ROU,DF,25-268,3.6,1,0,0,2,2,0,6,0,2,0.0,0.0,0,21.0,3.0,4.0,42.9,Partidos
466,Randy Ntekja,fr FRA,"DL,CC",26-099,5.2,2,0,0,12,13,4,1,2,1,1.0,0.0,0,19.0,22.0,20.0,52.4,Partidos
467,Crespo,pt POR,CC,27-185,2.6,3,0,0,11,11,0,2,6,6,0.0,0.0,0,11.0,4.0,1.0,80.0,Partidos
468,Radamel Falcao,co COL,"DL,DF",38-033,2.6,2,0,0,10,6,6,0,1,4,0.0,0.0,0,15.0,10.0,18.0,35.7,Partidos
469,Bebé,cv CPV,"CC,DL",33-246,1.6,1,0,0,0,1,3,19,0,2,0.0,0.0,0,10.0,1.0,3.0,25.0,Partidos
470,Salvi,es ESP,CC,32-350,0.3,0,0,0,0,1,0,0,1,0,0.0,0.0,0,1.0,0.0,0.0,,Partidos
471,José Pozo,es ESP,"CC,DL",27-365,0.1,0,0,0,0,1,0,0,0,0,0.0,0.0,0,0.0,0.0,0.0,,Partidos
472,Diego Méndez,es ESP,CC,20-198,0.1,0,0,0,1,0,0,0,1,1,0.0,0.0,0,1.0,1.0,0.0,100.0,Partidos
473,Total del equipo,,,30.3,28.0,80,4,3,428,381,71,480,230,250,3.0,2.0,2,1428.0,357.0,443.0,44.6,
474,Total del oponente,,,27.7,28.0,78,7,3,411,405,67,536,208,307,0.0,6.0,0,1499.0,441.0,356.0,55.3,
475,Jørgen Strand Larsen,no NOR,DL,24-037,24.7,4,0,0,53,38,17,15,5,8,1.0,0.0,0,69.0,61.0,63.0,49.2,Partidos
476,Unai Núñez,es ESP,DF,27-044,27.5,4,0,0,30,23,0,0,47,23,1.0,0.0,0,185.0,79.0,52.0,60.3,Partidos
477,Óscar Mingueza,es ESP,"DF,CC",24-306,23.8,3,0,0,16,36,1,115,14,26,0.0,1.0,0,118.0,13.0,15.0,46.4,Partidos
478,Iago Aspas,es ESP,DL,36-226,20.9,5,1,0,13,40,7,124,8,4,0.0,0.0,0,69.0,5.0,23.0,17.9,Partidos
479,Luca de la Torre,us USA,CC,25-296,20.1,4,1,1,37,18,4,16,11,19,0.0,0.0,0,105.0,12.0,37.0,24.5,Partidos
480,Carl Starfelt,se SWE,DF,28-287,19.9,2,0,0,11,9,0,1,24,25,0.0,1.0,0,115.0,60.0,28.0,68.2,Partidos
481,Fran Beltrán,es ESP,CC,25-040,17.9,2,0,0,21,13,2,15,15,21,0.0,1.0,0,116.0,8.0,22.0,26.7,Partidos
482,Jonathan Bamba,ci CIV,"CC,DL",27-354,17.3,0,0,0,10,51,5,44,12,8,0.0,0.0,0,83.0,6.0,19.0,24.0,Partidos
483,Vicente Guaita,es ESP,PO,37-064,18.7,2,0,0,0,5,0,0,0,1,0.0,0.0,1,12.0,9.0,1.0,90.0,Partidos
484,Manu Sánchez,es ESP,DF,23-203,17.6,3,0,0,20,4,0,53,16,23,0.0,0.0,0,88.0,8.0,18.0,30.8,Partidos
485,Renato Tapia,pe PER,"CC,DF",28-230,13.6,5,1,1,22,25,1,7,17,25,0.0,0.0,0,102.0,39.0,32.0,54.9,Partidos
486,Carlos Dominguez,es ESP,DF,23-032,11.2,1,0,0,10,4,0,1,20,12,0.0,0.0,1,45.0,27.0,21.0,56.3,Partidos
487,Iván Villar,es ESP,PO,26-249,9.3,0,2,0,2,2,0,0,0,0,0.0,2.0,0,14.0,1.0,0.0,100.0,Partidos
488,Mihailo Ristić,rs SRB,"DF,CC",28-135,8.5,2,0,0,10,14,0,37,9,9,0.0,0.0,0,63.0,9.0,7.0,56.3,Partidos
489,Kevin Vázquez,es ESP,DF,30-357,7.0,3,0,0,9,9,0,8,4,13,0.0,1.0,0,29.0,10.0,8.0,55.6,Partidos
490,Carlos Dotor,es ESP,CC,22-365,7.7,2,0,0,14,10,0,9,4,7,0.0,0.0,0,47.0,5.0,8.0,38.5,Partidos
491,Anastasios Douvikas,gr GRE,DL,24-225,7.5,1,0,0,11,21,2,1,1,5,0.0,0.0,0,19.0,27.0,22.0,55.1,Partidos
492,Franco Cervi,ar ARG,"CC,DF",29-293,5.3,1,0,0,5,17,2,16,7,14,0.0,0.0,0,43.0,5.0,6.0,45.5,Partidos
493,Javier Manquillo,es ESP,"DF,CC",29-314,4.6,2,0,0,11,2,0,2,1,6,0.0,0.0,0,12.0,11.0,5.0,68.8,Partidos
494,Carles Pérez,es ESP,"CC,DL",26-027,4.9,1,0,0,15,8,1,12,4,3,0.0,0.0,0,21.0,2.0,7.0,22.2,Partidos
495,Joseph Aidoo,gh GHA,DF,28-167,4.5,0,0,0,4,0,0,0,4,3,0.0,0.0,0,22.0,14.0,9.0,60.9,Partidos
496,Hugo Sotelo,es ESP,CC,20-086,3.7,0,0,0,8,3,0,19,1,7,0.0,0.0,0,30.0,0.0,4.0,0.0,Partidos
497,Jailson Siqueira,br BRA,"CC,DF",28-189,3.4,1,0,0,7,7,0,1,8,5,0.0,0.0,0,26.0,5.0,13.0,27.8,Partidos
498,Tadeo Allende,ar ARG,"CC,DL",25-023,2.8,1,0,0,2,3,2,7,2,1,0.0,0.0,0,16.0,5.0,4.0,55.6,Partidos
499,Miguel Rodríguez,es ESP,CC,20-320,2.1,2,0,0,9,6,0,8,2,2,0.0,0.0,0,7.0,1.0,8.0,11.1,Partidos
500,Williot Swedberg,se SWE,"CC,DL",20-042,1.5,0,0,0,1,5,1,1,0,3,0.0,0.0,0,8.0,4.0,2.0,66.7,Partidos
501,Hugo Álvarez,es ESP,CC,20-256,0.4,0,0,0,0,0,0,3,1,1,0.0,0.0,0,7.0,0.0,1.0,0.0,Partidos
502,Gabriel Veiga,es ESP,DL,21-292,0.2,0,0,0,0,0,0,1,0,0,0.0,0.0,0,0.0,0.0,1.0,0.0,Partidos
503,Total del equipo,,,27.5,28.0,51,5,2,351,373,45,516,237,274,2.0,6.0,2,1471.0,426.0,436.0,49.4,
504,Total del oponente,,,27.8,28.0,75,3,1,382,336,40,594,262,260,5.0,3.0,1,1421.0,436.0,425.0,50.6,
505,Rubén Alcaraz,es ESP,CC,32-318,24.8,13,0,0,64,50,1,18,26,38,0.0,0.0,0,160.0,39.0,39.0,50.0,Partidos
506,Jeremías Ledesma,ar ARG,PO,31-030,24.9,0,0,0,1,4,0,0,0,0,0.0,0.0,0,37.0,5.0,2.0,71.4,Partidos
507,Isaac Carcelen,es ESP,DF,30-326,23.3,2,0,0,15,32,4,49,23,26,0.0,0.0,0,110.0,21.0,33.0,38.9,Partidos
508,Chris Ramos,es ESP,"DL,CC",27-056,22.0,2,0,0,48,40,8,10,8,12,1.0,0.0,0,50.0,133.0,131.0,50.4,Partidos
509,Fali,es ESP,DF,30-215,21.6,10,0,0,18,14,0,8,20,17,0.0,0.0,0,89.0,25.0,32.0,43.9,Partidos
510,Javi Hernández,es ESP,DF,25-317,19.5,5,0,0,29,10,0,84,10,13,0.0,0.0,0,106.0,23.0,21.0,52.3,Partidos
511,Iván Alejo,es ESP,CC,29-033,17.4,15,0,0,46,43,9,128,4,17,0.0,1.0,0,78.0,15.0,15.0,50.0,Partidos
512,Roberto Navarro,es ESP,CC,21-337,12.2,0,1,0,12,20,3,71,11,20,0.0,0.0,0,76.0,9.0,14.0,39.1,Partidos
513,Roger Martí,es ESP,DL,33-071,11.6,2,0,0,26,22,6,8,6,5,0.0,0.0,0,48.0,13.0,26.0,33.3,Partidos
514,Gonzalo Escalante,ar ARG,CC,30-353,13.7,1,1,0,26,11,2,4,19,18,0.0,0.0,0,71.0,23.0,22.0,51.1,Partidos
515,Víctor Chust,es ESP,DF,24-009,12.0,0,1,0,7,1,0,0,6,12,0.0,0.0,0,40.0,16.0,17.0,48.5,Partidos
516,Lucas,br BRA,DF,22-356,13.9,5,0,0,9,4,2,54,12,22,0.0,0.0,0,77.0,10.0,22.0,31.3,Partidos
517,Rubén Sobrino,es ESP,"CC,DL",31-287,12.3,7,1,0,30,26,5,17,11,21,0.0,0.0,0,87.0,18.0,14.0,56.3,Partidos
518,Maxi Gómez,uy URU,DL,27-213,10.6,2,0,0,16,24,12,18,2,3,0.0,0.0,0,14.0,55.0,52.0,51.4,Partidos
519,Darwin Machís,ve VEN,CC,31-036,8.3,0,1,0,12,13,2,58,3,13,0.0,0.0,0,51.0,3.0,9.0,25.0,Partidos
520,Álex Fernández,es ESP,"CC,DL",31-151,10.0,2,0,0,4,10,0,18,11,3,0.0,0.0,0,61.0,10.0,10.0,50.0,Partidos
521,Luis Hernández,es ESP,DF,34-335,8.0,4,0,0,8,0,0,2,8,3,0.0,0.0,0,24.0,9.0,2.0,81.8,Partidos
522,Jorge Meré,es ESP,DF,26-332,7.5,0,0,0,1,4,0,1,8,7,0.0,0.0,0,38.0,8.0,11.0,42.1,Partidos
523,Rominigue Kouamé,ml MLI,CC,27-088,7.6,2,0,0,11,9,1,1,13,8,0.0,0.0,0,53.0,14.0,8.0,63.6,Partidos
524,Juanmi,es ESP,DL,30-299,4.2,3,0,0,12,8,6,1,4,2,0.0,0.0,0,17.0,4.0,12.0,25.0,Partidos
525,Joseba Zaldúa,es ESP,"DF,CC",31-264,3.6,1,0,0,9,3,1,6,1,7,0.0,0.0,0,12.0,3.0,3.0,50.0,Partidos
526,David Gil,es ESP,PO,30-063,3.1,1,0,0,0,2,0,0,0,0,0.0,0.0,0,2.0,4.0,0.0,100.0,Partidos
527,Fede San Emeterio,es ESP,CC,26-364,1.7,1,1,0,8,3,0,1,2,2,0.0,0.0,0,5.0,3.0,4.0,42.9,Partidos
528,Mamadou Mbaye,sn SEN,DF,25-260,3.2,2,0,0,6,0,0,0,5,3,0.0,1.0,0,10.0,9.0,5.0,64.3,Partidos
529,Sergi Guardiola,es ESP,"DL,CC",32-290,4.1,1,0,0,14,16,3,12,0,4,0.0,0.0,0,21.0,5.0,9.0,35.7,Partidos
530,Aiham Ousou,sy SYR,DF,24-065,1.0,0,0,0,0,1,0,0,0,1,0.0,0.0,0,2.0,1.0,1.0,50.0,Partidos
531,Brian Ocampo,uy URU,CC,24-263,1.5,1,0,0,6,8,0,7,1,1,0.0,0.0,0,17.0,1.0,3.0,25.0,Partidos
532,Álvaro Negredo,es ESP,"DL,CC",38-207,0.6,0,0,0,0,2,3,2,1,0,0.0,0.0,0,2.0,3.0,1.0,75.0,Partidos
533,Diadie Samassékou,ml MLI,CC,28-063,0.6,0,0,0,0,0,0,0,2,1,0.0,0.0,0,4.0,3.0,1.0,75.0,Partidos
534,Karl Etta,cm CMR,DL,20-073,0.2,0,0,0,1,0,1,0,0,1,0.0,0.0,0,0.0,0.0,1.0,0.0,Partidos
535,José Mari,es ESP,"CC,DL",36-099,0.2,1,0,0,1,1,0,0,0,1,0.0,0.0,0,3.0,0.0,0.0,,Partidos
536,Milutin Osmajić,me MNE,CC,24-233,0.1,0,0,0,0,0,0,0,0,0,0.0,0.0,0,0.0,1.0,0.0,100.0,Partidos
537,Moussa Diakité,ml MLI,CC,20-131,0.0,0,0,0,0,0,0,0,0,0,0.0,0.0,0,1.0,0.0,0.0,,Partidos
538,Total del equipo,,,29.2,28.0,83,6,0,440,381,69,578,217,281,1.0,2.0,0,1366.0,486.0,520.0,48.3,
539,Total del oponente,,,28.1,28.0,73,4,2,398,420,49,601,182,258,1.0,2.0,0,1393.0,518.0,485.0,51.6,
540,Carlos Neva,es ESP,DF,27-276,25.0,3,0,0,13,32,0,56,14,16,0.0,0.0,0,108.0,19.0,21.0,47.5,Partidos
541,Ignasi Miquel,es ESP,DF,31-168,25.2,5,0,0,23,23,0,2,33,22,0.0,0.0,0,112.0,43.0,33.0,56.6,Partidos
542,Myrto Uzuni,al ALB,"DL,CC",28-288,22.4,2,0,0,23,14,15,11,3,11,0.0,0.0,0,51.0,10.0,51.0,16.4,Partidos
543,Ricard Sánchez,es ESP,DF,24-021,21.9,6,0,0,22,19,4,71,12,16,0.0,0.0,0,90.0,18.0,14.0,56.3,Partidos
544,Gerard Gumbau,es ESP,CC,29-087,19.9,10,0,0,38,21,0,93,15,19,0.0,0.0,0,82.0,13.0,16.0,44.8,Partidos
545,Sergio Ruiz,es ESP,CC,29-089,19.2,5,0,0,29,51,0,7,18,33,0.0,0.0,0,125.0,29.0,23.0,55.8,Partidos
546,Lucas Boyé,ar ARG,DL,28-015,17.6,5,1,0,55,30,4,10,6,19,0.0,0.0,0,67.0,30.0,41.0,42.3,Partidos
547,Bryan Zaragoza,es ESP,"CC,DL",22-324,18.2,5,0,0,12,33,14,98,3,9,1.0,0.0,0,56.0,4.0,9.0,30.8,Partidos
548,Gonzalo Villar,es ESP,CC,25-357,15.8,6,0,0,34,48,1,15,6,26,1.0,0.0,0,114.0,25.0,15.0,62.5,Partidos
549,André Ferreira,pt POR,PO,27-290,14.9,1,0,0,2,2,0,0,0,0,0.0,2.0,0,18.0,7.0,1.0,87.5,Partidos
550,Óscar Melendo,es ESP,"CC,DL",26-204,10.8,2,0,0,12,32,1,9,5,5,0.0,1.0,0,47.0,6.0,13.0,31.6,Partidos
551,Raúl Torrente,es ESP,DF,22-185,11.5,3,0,0,14,7,1,2,9,15,0.0,1.0,1,50.0,17.0,12.0,58.6,Partidos
552,Augusto Batalla,ar ARG,PO,27-319,9.0,3,0,0,0,1,0,0,0,0,0.0,0.0,0,8.0,2.0,0.0,100.0,Partidos
553,Miguel Ángel Rubio,es ESP,DF,26-003,8.3,1,0,0,9,3,0,0,14,5,0.0,0.0,0,42.0,27.0,17.0,61.4,Partidos
554,José Callejón,es ESP,"CC,DL",37-032,7.1,0,0,0,9,17,2,26,1,4,0.0,0.0,0,41.0,7.0,8.0,46.7,Partidos
555,Bruno Méndez,uy URU,DF,24-186,6.2,2,0,0,5,0,0,0,9,4,0.0,0.0,0,26.0,10.0,8.0,55.6,Partidos
556,Antonio Puertas,es ESP,"CC,DL",32-022,7.0,2,1,0,19,8,5,18,5,7,0.0,0.0,0,24.0,12.0,19.0,38.7,Partidos
557,Álvaro Carreras,es ESP,"CC,DL",20-357,5.3,1,0,0,6,11,1,14,7,8,0.0,0.0,0,29.0,10.0,5.0,66.7,Partidos
558,Facundo Pellistri,uy URU,"CC,DL",22-085,4.7,0,0,0,2,6,1,10,3,6,1.0,0.0,0,17.0,4.0,4.0,50.0,Partidos
559,Martin Hongla,cm CMR,"CC,DF",25-364,3.7,0,0,0,4,1,0,2,5,1,0.0,0.0,0,26.0,1.0,7.0,12.5,Partidos
560,Raúl Fernández,es ESP,PO,36-001,3.1,0,0,0,0,0,0,0,0,0,0.0,0.0,0,8.0,0.0,0.0,,Partidos
561,Kamil Piątkowski,pl POL,DF,23-267,2.9,1,1,0,3,2,0,0,3,7,0.0,0.0,0,12.0,5.0,5.0,50.0,Partidos
562,Wilson Manafá,pt POR,"DF,CC",29-235,2.7,1,0,0,3,0,0,8,1,4,0.0,0.0,0,20.0,2.0,2.0,50.0,Partidos
563,Matias Arezo,uy URU,DL,21-114,2.3,1,0,0,4,1,6,2,0,1,0.0,0.0,0,6.0,6.0,9.0,40.0,Partidos
564,Víctor Díaz,es ESP,"DF,CC",35-276,1.8,1,0,0,0,0,0,0,1,3,0.0,0.0,0,6.0,3.0,1.0,75.0,Partidos
565,Faitout Maouassa,fr FRA,"DF,CC",25-252,1.8,0,0,0,2,3,0,19,1,5,0.0,0.0,0,6.0,2.0,0.0,100.0,Partidos
566,Jesús Vallejo,es ESP,DF,27-069,1.2,1,0,0,2,1,0,0,0,1,0.0,0.0,0,8.0,0.0,1.0,0.0,Partidos
567,Kamil Jóźwiak,pl POL,CC,25-327,1.1,0,0,0,1,1,0,1,0,0,0.0,0.0,0,4.0,4.0,5.0,44.4,Partidos
568,Samuel Omorodion,es ESP,DL,19-314,0.9,0,0,0,1,3,0,0,0,1,0.0,0.0,0,2.0,2.0,5.0,28.6,Partidos
569,Njegoš Petrović,rs SRB,"CC,DL",24-240,1.7,0,0,0,0,1,0,1,1,2,0.0,0.0,0,11.0,2.0,1.0,66.7,Partidos
570,Famara Diedhiou,sn SEN,"DL,CC",31-090,1.0,1,0,0,6,3,0,2,0,1,1.0,0.0,0,5.0,12.0,6.0,66.7,Partidos
571,Shon Weissman,il ISR,DL,28-029,0.9,0,0,0,1,1,0,1,0,1,0.0,0.0,0,2.0,1.0,5.0,16.7,Partidos
572,Theo Corbeanu,ca CAN,CC,21-302,0.5,0,0,0,0,0,0,8,1,1,0.0,0.0,0,5.0,0.0,0.0,,Partidos
573,Adri Bosch,es ESP,DF,22-279,0.3,0,0,0,0,0,0,0,0,1,0.0,0.0,1,2.0,0.0,1.0,0.0,Partidos
574,Alberto Soro,es ESP,CC,25-005,0.1,0,0,0,0,1,0,0,0,0,0.0,0.0,0,0.0,0.0,1.0,0.0,Partidos
575,Alberto Perea,es ESP,"CC,DL",33-086,0.0,0,0,0,0,2,0,1,0,0,0.0,0.0,0,1.0,0.0,0.0,,Partidos
576,Total del equipo,,,27.4,27.0,68,3,0,354,378,55,487,176,254,4.0,4.0,2,1231.0,333.0,359.0,48.1,
577,Total del oponente,,,27.8,27.0,71,4,1,403,340,88,498,200,260,4.0,6.0,2,1391.0,358.0,333.0,51.8,
578,Luís Maximiano,pt POR,PO,25-069,25.0,1,0,0,1,1,0,0,0,0,0.0,1.0,0,31.0,3.0,0.0,100.0,Partidos
579,Édgar González,es ESP,"DF,CC",26-348,22.1,7,1,1,23,5,3,0,27,17,0.0,1.0,0,69.0,62.0,46.0,57.4,Partidos
580,Adri Embarba,es ESP,"DL,CC",31-312,19.1,3,0,0,28,27,13,123,10,24,0.0,0.0,0,103.0,18.0,30.0,37.5,Partidos
581,Lucas Robertone,ar ARG,CC,26-362,18.6,8,0,0,29,42,2,58,34,27,0.0,0.0,0,119.0,33.0,24.0,57.9,Partidos
582,Dion Lopy,sn SEN,CC,22-041,19.1,5,0,0,21,34,0,7,14,35,0.0,0.0,0,137.0,30.0,8.0,78.9,Partidos
583,Sergio Arribas,es ESP,"CC,DL",22-166,19.5,0,0,0,12,36,1,47,13,15,0.0,0.0,0,77.0,18.0,23.0,43.9,Partidos
584,Sergio Akieme,es ESP,DF,26-089,18.6,2,0,0,18,17,1,57,10,15,0.0,2.0,0,99.0,10.0,15.0,40.0,Partidos
585,Juan Brandáriz,es ESP,DF,25-012,18.5,3,0,0,17,5,0,2,11,17,0.0,1.0,0,63.0,31.0,28.0,52.5,Partidos
586,Iddrisu Baba,gh GHA,CC,28-052,15.3,5,0,0,29,33,0,4,11,25,0.0,1.0,0,119.0,29.0,17.0,63.0,Partidos
587,Largie Ramazani,be BEL,"DL,CC",23-016,14.7,8,1,1,27,20,7,24,25,7,1.0,0.0,0,66.0,3.0,21.0,12.5,Partidos
588,Léo Baptistão,br BRA,DL,31-201,13.6,5,1,0,15,24,10,16,6,8,0.0,0.0,0,54.0,35.0,56.0,38.5,Partidos
589,César Montes,mx MEX,DF,27-019,13.0,3,0,0,13,7,1,3,7,9,0.0,0.0,0,45.0,38.0,16.0,70.4,Partidos
590,Pubill,es ESP,DF,20-268,12.2,2,0,0,15,19,0,47,9,17,0.0,0.0,0,49.0,12.0,9.0,57.1,Partidos
591,Gonzalo Melero,es ESP,"CC,DL",30-072,10.3,3,0,0,19,16,1,3,4,7,0.0,0.0,0,33.0,12.0,18.0,40.0,Partidos
592,Alejandro Pozo Pozo,es ESP,"DF,CC",25-021,9.4,3,0,0,14,6,0,40,5,10,0.0,0.0,0,46.0,4.0,6.0,40.0,Partidos
593,Luis Javier Suárez,co COL,"DL,CC",26-103,8.0,2,0,0,15,14,4,5,0,4,0.0,0.0,0,17.0,8.0,24.0,25.0,Partidos
594,Álex Centelles,es ESP,DF,26-127,5.9,1,0,0,6,6,0,27,10,4,0.0,1.0,0,29.0,8.0,4.0,66.7,Partidos
595,Kaiky,br BRA,DF,20-062,5.8,2,0,0,7,0,0,1,3,4,0.0,1.0,0,14.0,11.0,11.0,50.0,Partidos
596,Aleksandar Radovanović,rs SRB,DF,30-124,4.8,2,0,0,6,1,0,0,8,5,0.0,0.0,0,11.0,10.0,8.0,55.6,Partidos
597,Anthony Lozano,hn HON,DL,30-324,4.1,1,0,0,11,6,2,3,1,1,0.0,0.0,0,11.0,13.0,25.0,34.2,Partidos
598,Houboulang Mendes,gw GNB,DF,25-315,4.4,0,0,0,6,10,1,4,1,13,0.0,0.0,0,23.0,7.0,5.0,58.3,Partidos
599,Jonathan Viera,es ESP,CC,34-145,3.2,0,0,0,2,2,2,3,0,0,0.0,0.0,0,11.0,2.0,0.0,100.0,Partidos
600,Bruno Langa,mz MOZ,DF,26-135,3.0,0,1,0,2,3,0,3,2,3,0.0,0.0,0,15.0,2.0,1.0,66.7,Partidos
601,Arnau Puigmal,es ESP,"DL,DF",23-064,2.8,3,0,0,7,4,0,14,3,1,0.0,1.0,0,16.0,1.0,3.0,25.0,Partidos
602,Luka Romero,ar ARG,DL,19-117,2.4,0,0,0,4,5,0,1,0,0,0.0,0.0,0,10.0,1.0,3.0,25.0,Partidos
603,Lázaro,br BRA,"DL,CC",22-002,3.2,0,0,0,3,7,2,12,1,1,0.0,0.0,0,13.0,4.0,11.0,26.7,Partidos
604,Ibrahima Koné,ml MLI,DL,24-272,2.9,0,0,0,3,4,6,2,0,0,0.0,0.0,0,7.0,9.0,10.0,47.4,Partidos
605,Fernando,es ESP,PO,33-278,2.0,0,0,0,0,0,0,0,0,0,0.0,0.0,0,4.0,0.0,0.0,,Partidos
606,Marko Milovanović,rs SRB,"DL,CC",20-223,2.6,0,0,0,11,2,2,0,0,3,0.0,0.0,0,8.0,10.0,21.0,32.3,Partidos
607,Srđan Babić,rs SRB,DF,27-327,1.0,0,0,0,2,0,0,0,0,2,0.0,0.0,0,4.0,3.0,1.0,75.0,Partidos
608,Diego Mariño,es ESP,PO,33-310,1.0,0,0,0,0,0,0,0,0,0,0.0,0.0,0,1.0,0.0,0.0,,Partidos
609,Marciano Sanca,gw GNB,"DL,CC",20-011,0.5,0,0,0,0,0,0,1,0,0,0.0,0.0,0,2.0,4.0,4.0,50.0,Partidos
610,Rachad Fettal,ma MAR,DL,19-058,0.2,0,0,0,1,0,0,0,0,0,,,0,,,,,Partidos
611,Total del equipo,,,26.1,28.0,69,4,2,367,356,58,507,215,274,1.0,9.0,0,1306.0,431.0,448.0,49.0,
612,Total del oponente,,,27.7,28.0,50,3,0,368,345,54,611,204,270,6.0,1.0,0,1374.0,447.0,430.0,51.0,
