,Jugador,País,Posc,Edad,90 s,Gls.,Dis,DaP,% de TT,T/90,TalArc/90,G/T,G/TalArc,Dist,FK,TP,TPint,xG,npxG,npxG/Sh,G-xG,np:G-xG,Partidos
0,Paulo Gazzaniga,ar ARG,PO,32-072,28.0,0,0,0,,0.0,0.0,,,,0.0,0,0,0.0,0.0,,0.0,0.0,Partidos
1,Aleix García,es ESP,CC,26-260,26.8,3,30,10,33.3,1.12,0.37,0.1,0.3,26.0,7.0,0,0,1.4,1.4,0.05,1.6,1.6,Partidos
2,Miguel Gutiérrez,es ESP,"DF,CC",22-231,26.7,1,26,4,15.4,0.97,0.15,0.04,0.25,23.5,0.0,0,0,2.2,2.2,0.09,-1.2,-1.2,Partidos
3,Sávio,br BRA,"CC,DL",19-339,25.1,8,34,16,47.1,1.35,0.64,0.24,0.5,17.1,0.0,0,0,4.4,4.4,0.13,3.6,3.6,Partidos
4,Iván Martín,es ESP,"CC,DL",25-029,21.7,4,15,9,60.0,0.69,0.41,0.27,0.44,16.3,0.0,0,0,2.5,2.5,0.16,1.5,1.5,Partidos
5,Daley Blind,nl NED,DF,34-005,23.0,1,13,4,30.8,0.56,0.17,0.08,0.25,15.8,1.0,0,0,1.5,1.5,0.12,-0.5,-0.5,Partidos
6,Artem Dovbyk,ua UKR,DL,26-267,19.3,14,53,24,45.3,2.75,1.25,0.21,0.46,12.4,1.0,3,3,11.8,9.4,0.18,2.2,1.6,Partidos
7,Eric García,es ESP,DF,23-065,19.6,2,11,3,27.3,0.56,0.15,0.18,0.67,10.1,0.0,0,0,2.2,2.2,0.2,-0.2,-0.2,Partidos
8,Viktor Tsyhankov,ua UKR,"CC,DL",26-120,17.9,6,30,12,40.0,1.68,0.67,0.2,0.5,15.7,2.0,0,0,4.7,4.7,0.16,1.3,1.3,Partidos
9,Yan Couto,br BRA,"DF,CC",21-285,19.1,1,25,10,40.0,1.31,0.52,0.04,0.1,21.5,0.0,0,0,1.4,1.4,0.06,-0.4,-0.4,Partidos
10,Yangel Herrera,ve VEN,CC,26-060,16.8,4,37,12,32.4,2.2,0.71,0.11,0.33,14.5,0.0,0,0,3.7,3.7,0.1,0.3,0.3,Partidos
11,David López,es ESP,"DF,CC",34-157,15.0,2,10,4,40.0,0.67,0.27,0.2,0.5,14.5,0.0,0,0,1.4,1.4,0.14,0.6,0.6,Partidos
12,Arnau Martinez,es ESP,DF,20-324,11.0,0,1,0,0.0,0.09,0.0,0.0,,7.9,0.0,0,0,0.2,0.2,0.2,-0.2,-0.2,Partidos
13,Portu,es ESP,"CC,DL",31-298,8.9,4,11,6,54.5,1.24,0.68,0.36,0.67,9.5,0.0,0,0,1.9,1.9,0.17,2.1,2.1,Partidos
14,Cristhian Stuani,uy URU,DL,37-154,8.1,7,29,14,48.3,3.6,1.74,0.24,0.5,9.7,0.0,0,0,7.5,7.5,0.26,-0.5,-0.5,Partidos
15,Juanpe,es ESP,DF,32-319,6.7,0,3,0,0.0,0.45,0.0,0.0,,11.6,0.0,0,0,0.2,0.2,0.05,-0.2,-0.2,Partidos
16,Pablo Torre,es ESP,"CC,DL",20-346,5.6,0,10,1,10.0,1.78,0.18,0.0,0.0,19.8,0.0,0,0,0.6,0.6,0.06,-0.6,-0.6,Partidos
17,Valery Fernández,es ESP,"CC,DF",24-112,5.0,2,5,2,40.0,1.0,0.4,0.4,1.0,18.9,0.0,0,0,0.7,0.7,0.14,1.3,1.3,Partidos
18,Jhon Solis,co COL,CC,19-163,2.8,0,8,2,25.0,2.81,0.7,0.0,0.0,16.9,0.0,0,0,0.9,0.9,0.12,-0.9,-0.9,Partidos
19,Antal Yaakobishvili,hu HUN,DF,19-246,0.7,0,0,0,,0.0,0.0,,,,0.0,0,0,0.0,0.0,,0.0,0.0,Partidos
20,Ibrahima Kebe,ml MLI,CC,23-225,0.1,0,0,0,,0.0,0.0,,,,0.0,0,0,0.0,0.0,,0.0,0.0,Partidos
21,Bernardo Espinosa,co COL,DF,34-247,0.0,0,0,0,,0.0,0.0,,,,0.0,0,0,0.0,0.0,,0.0,0.0,Partidos
22,Silvi Clúa,es ESP,CC,19-045,0.0,0,0,0,,0.0,0.0,,,,0.0,0,0,0.0,0.0,,0.0,0.0,Partidos
23,Jastin García,es ESP,CC,20-059,0.0,0,0,0,,0.0,0.0,,,,0.0,0,0,0.0,0.0,,0.0,0.0,Partidos
24,Total del equipo,,,26.7,28.0,59,351,133,37.9,12.54,4.75,0.16,0.42,16.3,11.0,3,3,47.8,45.4,0.13,11.2,10.6,
25,Total del oponente,,,28.0,28.0,33,379,119,31.4,13.54,4.25,0.08,0.26,17.4,12.0,2,3,38.0,35.6,0.1,-5.0,-4.6,
26,İlkay Gündoğan,de GER,CC,33-142,25.3,5,33,12,36.4,1.31,0.47,0.12,0.33,17.4,3.0,1,2,6.0,4.5,0.14,-1.0,-0.5,Partidos
27,Robert Lewandowski,pl POL,DL,35-206,23.0,12,70,26,37.1,3.05,1.13,0.13,0.35,13.4,2.0,3,3,15.2,12.8,0.18,-3.2,-3.8,Partidos
28,Jules Koundé,fr FRA,DF,25-123,22.9,1,20,5,25.0,0.87,0.22,0.05,0.2,14.6,0.0,0,0,1.9,1.9,0.09,-0.9,-0.9,Partidos
29,João Cancelo,pt POR,DF,29-292,20.8,2,24,6,25.0,1.15,0.29,0.08,0.33,21.5,0.0,0,0,1.3,1.3,0.05,0.7,0.7,Partidos
30,Andreas Christensen,dk DEN,"DF,CC",27-339,17.5,0,7,1,14.3,0.4,0.06,0.0,0.0,12.4,0.0,0,0,0.7,0.7,0.1,-0.7,-0.7,Partidos
31,Frenkie de Jong,nl NED,CC,26-307,17.7,2,7,4,57.1,0.4,0.23,0.29,0.5,20.4,0.0,0,0,0.7,0.7,0.1,1.3,1.3,Partidos
32,Marc-André ter Stegen,de GER,PO,31-319,18.0,0,0,0,,0.0,0.0,,,,0.0,0,0,0.0,0.0,,0.0,0.0,Partidos
33,Ronald Araújo,uy URU,DF,25-007,17.9,1,16,6,37.5,0.9,0.34,0.06,0.17,13.9,0.0,0,0,1.4,1.4,0.09,-0.4,-0.4,Partidos
34,João Félix,pt POR,DL,24-125,13.4,5,46,19,41.3,3.43,1.42,0.11,0.26,16.8,1.0,0,0,6.2,6.2,0.14,-1.2,-1.2,Partidos
35,Alejandro Balde,es ESP,DF,20-148,15.3,0,5,1,20.0,0.33,0.07,0.0,0.0,21.2,0.0,0,0,0.1,0.1,0.03,-0.1,-0.1,Partidos
36,Lamine Yamal,es ESP,DL,16-245,16.4,4,42,15,35.7,2.56,0.91,0.1,0.27,17.2,0.0,0,0,4.3,4.3,0.1,-0.3,-0.3,Partidos
37,Pedri,es ESP,"CC,DL",21-110,12.1,2,11,4,36.4,0.91,0.33,0.18,0.5,15.7,0.0,0,0,2.1,2.1,0.19,-0.1,-0.1,Partidos
38,Raphinha,br BRA,"DL,CC",27-091,10.1,4,42,16,38.1,4.17,1.59,0.1,0.25,18.4,5.0,0,0,5.4,5.4,0.13,-1.4,-1.4,Partidos
39,Gavi,es ESP,"CC,DL",19-222,10.5,1,9,4,44.4,0.86,0.38,0.11,0.25,15.2,0.0,0,0,0.9,0.9,0.11,0.1,0.1,Partidos
40,Ferrán Torres,es ESP,DL,24-014,10.4,7,33,14,42.4,3.17,1.35,0.21,0.5,16.8,2.0,0,0,5.2,5.2,0.16,1.8,1.8,Partidos
41,Iñaki Peña,es ESP,PO,25-012,10.0,0,0,0,,0.0,0.0,,,,0.0,0,0,0.0,0.0,,0.0,0.0,Partidos
42,Oriol Romeu,es ESP,CC,32-172,8.4,0,10,2,20.0,1.19,0.24,0.0,0.0,23.6,0.0,0,0,0.7,0.7,0.07,-0.7,-0.7,Partidos
43,Iñigo Martínez,es ESP,DF,32-302,8.8,0,5,0,0.0,0.57,0.0,0.0,,11.8,0.0,0,0,0.2,0.2,0.04,-0.2,-0.2,Partidos
44,Pau Cubarsí,es ESP,DF,17-052,8.1,0,0,0,,0.0,0.0,,,,0.0,0,0,0.0,0.0,,0.0,0.0,Partidos
45,Fermin López,es ESP,"CC,DL",20-308,8.9,2,27,14,51.9,3.04,1.58,0.07,0.14,14.6,0.0,0,0,3.6,3.6,0.14,-1.6,-1.6,Partidos
46,Sergi Roberto,es ESP,"CC,DF",32-036,4.0,3,6,4,66.7,1.51,1.01,0.5,0.75,11.3,0.0,0,0,1.5,1.5,0.26,1.5,1.5,Partidos
47,Marcos Alonso,es ESP,DF,33-077,1.8,0,3,2,66.7,1.67,1.11,0.0,0.0,20.8,0.0,0,0,0.1,0.1,0.03,-0.1,-0.1,Partidos
48,Vitor Roque,br BRA,DL,19-015,2.2,2,10,5,50.0,4.57,2.28,0.2,0.4,11.1,0.0,0,0,2.5,2.5,0.25,-0.5,-0.5,Partidos
49,Héctor Fort,es ESP,DF,17-225,1.1,0,0,0,,0.0,0.0,,,,0.0,0,0,0.0,0.0,,0.0,0.0,Partidos
50,Marc Guiu,es ESP,"DL,CC",18-070,0.8,1,4,1,25.0,4.86,1.22,0.25,1.0,12.1,0.0,0,0,0.8,0.8,0.19,0.2,0.2,Partidos
51,Abdessamad Ezzalzouli,ma MAR,"DL,CC",22-088,0.8,0,4,1,25.0,5.29,1.32,0.0,0.0,19.1,0.0,0,0,0.2,0.2,0.05,-0.2,-0.2,Partidos
52,Eric García,es ESP,DF,23-065,0.6,0,1,0,0.0,1.58,0.0,0.0,,11.0,0.0,0,0,0.0,0.0,0.05,0.0,0.0,Partidos
53,Ansu Fati,es ESP,"CC,DL",21-135,0.6,0,7,1,14.3,12.6,1.8,0.0,0.0,18.6,0.0,0,0,0.7,0.7,0.11,-0.7,-0.7,Partidos
54,Total del equipo,,,26.7,28.0,54,442,163,36.9,15.79,5.82,0.11,0.31,16.3,13.0,4,5,61.0,57.1,0.13,-7.0,-7.1,
55,Total del oponente,,,27.6,28.0,34,298,102,34.2,10.64,3.64,0.11,0.33,16.9,4.0,0,0,29.0,29.0,0.1,5.0,5.0,
56,Jan Oblak,si SVN,PO,31-067,28.0,0,0,0,,0.0,0.0,,,,0.0,0,0,0.0,0.0,,0.0,0.0,Partidos
57,Axel Witsel,be BEL,DF,35-062,23.7,1,5,2,40.0,0.21,0.08,0.2,0.5,7.4,0.0,0,0,0.9,0.9,0.18,0.1,0.1,Partidos
58,Mario Hermoso,es ESP,DF,28-270,22.6,0,15,4,26.7,0.66,0.18,0.0,0.0,15.7,0.0,0,0,1.2,1.2,0.08,-1.2,-1.2,Partidos
59,Antoine Griezmann,fr FRA,"DL,CC",32-359,21.6,11,57,23,40.4,2.63,1.06,0.14,0.35,17.2,3.0,3,3,9.6,7.4,0.13,1.4,0.6,Partidos
60,Koke,es ESP,CC,32-066,18.6,0,6,1,16.7,0.32,0.05,0.0,0.0,20.7,0.0,0,0,0.3,0.3,0.05,-0.3,-0.3,Partidos
61,Marcos Llorente,es ESP,"CC,DF",29-044,20.8,6,20,14,70.0,0.96,0.67,0.3,0.43,13.2,0.0,0,0,2.9,2.9,0.15,3.1,3.1,Partidos
62,Álvaro Morata,es ESP,DL,31-143,18.5,14,57,30,52.6,3.08,1.62,0.25,0.47,11.4,0.0,0,1,12.1,11.3,0.2,1.9,2.7,Partidos
63,Rodrigo De Paul,ar ARG,CC,29-295,16.8,1,22,9,40.9,1.31,0.53,0.05,0.11,19.3,1.0,0,0,1.5,1.5,0.07,-0.5,-0.5,Partidos
64,Samuel Lino,br BRA,DF,24-082,15.7,3,32,15,46.9,2.04,0.96,0.09,0.2,17.3,0.0,0,0,2.7,2.7,0.08,0.3,0.3,Partidos
65,Nahuel Molina,ar ARG,DF,25-343,16.5,2,10,4,40.0,0.61,0.24,0.2,0.5,17.6,1.0,0,0,1.1,1.1,0.11,0.9,0.9,Partidos
66,Stefan Savić,me MNE,DF,33-066,13.1,0,4,1,25.0,0.31,0.08,0.0,0.0,9.7,0.0,0,0,0.3,0.3,0.07,-0.3,-0.3,Partidos
67,Saúl Ñíguez,es ESP,CC,29-114,13.5,0,13,3,23.1,0.96,0.22,0.0,0.0,15.0,0.0,0,0,1.1,1.1,0.09,-1.1,-1.1,Partidos
68,Pablo Barrios,es ESP,CC,20-273,12.6,0,9,5,55.6,0.71,0.4,0.0,0.0,23.0,0.0,0,0,0.4,0.4,0.04,-0.4,-0.4,Partidos
69,Rodrigo Riquelme,es ESP,"DF,CC",23-347,11.7,2,26,12,46.2,2.22,1.02,0.08,0.17,16.7,0.0,0,0,2.2,2.2,0.08,-0.2,-0.2,Partidos
70,César Azpilicueta,es ESP,DF,34-199,10.6,0,2,2,100.0,0.19,0.19,0.0,0.0,20.3,0.0,0,0,0.6,0.6,0.32,-0.6,-0.6,Partidos
71,José María Giménez,uy URU,DF,29-054,8.7,0,5,1,20.0,0.57,0.11,0.0,0.0,10.2,0.0,0,0,0.3,0.3,0.07,-0.3,-0.3,Partidos
72,Memphis,nl NED,DL,30-030,8.1,5,32,13,40.6,3.93,1.6,0.16,0.38,16.9,3.0,0,0,5.5,5.5,0.18,-0.5,-0.5,Partidos
73,Ángel Correa,ar ARG,"DL,CC",29-005,9.8,7,25,12,48.0,2.54,1.22,0.24,0.5,17.9,1.0,1,1,6.2,5.4,0.22,0.8,0.6,Partidos
74,Reinildo Mandava,mz MOZ,DF,30-053,4.6,1,3,2,66.7,0.65,0.44,0.33,0.5,8.2,0.0,0,0,0.3,0.3,0.11,0.7,0.7,Partidos
75,Gabriel Paulista,br BRA,DF,33-109,4.0,0,1,1,100.0,0.25,0.25,0.0,0.0,4.7,0.0,0,0,0.2,0.2,0.19,-0.2,-0.2,Partidos
76,Yannick Carrasco,be BEL,DF,30-192,2.5,0,2,1,50.0,0.81,0.41,0.0,0.0,21.9,0.0,0,0,0.1,0.1,0.03,-0.1,-0.1,Partidos
77,Thomas Lemar,fr FRA,CC,28-123,1.8,0,2,0,0.0,1.1,0.0,0.0,,23.0,0.0,0,0,0.2,0.2,0.08,-0.2,-0.2,Partidos
78,Çağlar Söyüncü,tr TUR,DF,27-296,1.3,0,0,0,,0.0,0.0,,,,0.0,0,0,0.0,0.0,,0.0,0.0,Partidos
79,Arthur Vermeeren,be BEL,CC,19-036,0.9,0,0,0,,0.0,0.0,,,,0.0,0,0,0.0,0.0,,0.0,0.0,Partidos
80,Javi Galán,es ESP,DF,29-116,1.0,0,0,0,,0.0,0.0,,,,0.0,0,0,0.0,0.0,,0.0,0.0,Partidos
81,Salim El Jebari,ma MAR,CC,20-038,0.1,0,0,0,,0.0,0.0,,,,0.0,0,0,0.0,0.0,,0.0,0.0,Partidos
82,Total del equipo,,,29.8,28.0,53,348,155,44.5,12.43,5.54,0.14,0.32,15.9,9.0,4,5,49.2,45.4,0.13,3.8,3.6,
83,Total del oponente,,,27.6,28.0,31,354,110,31.1,12.64,3.93,0.08,0.27,17.9,6.0,1,2,29.6,28.0,0.08,1.4,2.0,
84,Unai Simón,es ESP,PO,26-277,28.0,0,0,0,,0.0,0.0,,,,0.0,0,0,0.0,0.0,,0.0,0.0,Partidos
85,Daniel Vivian,es ESP,DF,24-243,24.7,0,8,1,12.5,0.32,0.04,0.0,0.0,11.9,0.0,0,0,0.5,0.5,0.06,-0.5,-0.5,Partidos
86,Gorka Guruzeta,es ESP,DL,27-184,20.7,11,51,23,45.1,2.47,1.11,0.22,0.48,13.2,2.0,0,1,9.6,8.8,0.17,1.4,2.2,Partidos
87,Aitor Paredes,es ESP,DF,23-320,23.7,1,13,2,15.4,0.55,0.08,0.08,0.5,9.6,0.0,0,0,1.2,1.2,0.09,-0.2,-0.2,Partidos
88,Iñaki Williams,gh GHA,DL,29-273,23.6,9,66,33,50.0,2.8,1.4,0.14,0.27,15.3,0.0,0,0,7.4,7.4,0.11,1.6,1.6,Partidos
89,Oihan Sancet,es ESP,CC,23-324,18.9,3,37,9,24.3,1.96,0.48,0.08,0.33,15.5,0.0,0,1,5.8,5.0,0.14,-2.8,-2.0,Partidos
90,Nico Williams,es ESP,DL,21-246,18.0,3,39,12,30.8,2.17,0.67,0.08,0.25,14.9,0.0,0,0,4.2,4.2,0.11,-1.2,-1.2,Partidos
91,Iñigo Ruiz de Galarreta,es ESP,CC,30-221,18.2,1,8,1,12.5,0.44,0.05,0.13,1.0,24.5,0.0,0,0,0.3,0.3,0.03,0.7,0.7,Partidos
92,Óscar de Marcos,es ESP,DF,34-335,18.5,1,5,2,40.0,0.27,0.11,0.2,0.5,15.7,0.0,0,0,0.6,0.6,0.13,0.4,0.4,Partidos
93,Yuri Berchiche,es ESP,DF,34-033,16.7,3,12,4,33.3,0.72,0.24,0.25,0.75,18.8,0.0,0,0,0.6,0.4,0.04,2.4,2.6,Partidos
94,Iñigo Lekue,es ESP,DF,30-315,15.0,0,5,0,0.0,0.33,0.0,0.0,,22.3,0.0,0,0,0.2,0.2,0.03,-0.2,-0.2,Partidos
95,Mikel Vesga,es ESP,CC,30-298,13.9,3,15,5,33.3,1.08,0.36,0.07,0.2,20.5,0.0,2,2,2.6,1.1,0.07,0.4,-0.1,Partidos
96,Álex Berenguer,es ESP,DL,28-254,12.3,6,23,10,43.5,1.86,0.81,0.22,0.5,15.8,2.0,1,1,4.6,3.9,0.17,1.4,1.1,Partidos
97,Beñat Prados,es ESP,"CC,DF",23-035,9.8,0,5,4,80.0,0.51,0.41,0.0,0.0,15.2,0.0,0,0,0.4,0.4,0.08,-0.4,-0.4,Partidos
98,Ander Herrera,es ESP,CC,34-213,8.8,0,9,2,22.2,1.03,0.23,0.0,0.0,22.5,0.0,0,0,0.4,0.4,0.04,-0.4,-0.4,Partidos
99,Yeray Álvarez,es ESP,DF,29-050,7.2,0,4,2,50.0,0.56,0.28,0.0,0.0,11.1,0.0,0,0,0.2,0.2,0.05,-0.2,-0.2,Partidos
100,Dani García,es ESP,CC,33-295,5.8,1,6,3,50.0,1.03,0.52,0.17,0.33,13.6,0.0,0,0,0.8,0.8,0.13,0.2,0.2,Partidos
101,Unai Gómez,es ESP,CC,20-294,5.6,2,12,6,50.0,2.13,1.07,0.17,0.33,16.0,0.0,0,0,1.3,1.3,0.11,0.7,0.7,Partidos
102,Imanol,es ESP,DF,23-280,4.4,0,1,0,0.0,0.23,0.0,0.0,,23.7,0.0,0,0,0.0,0.0,0.01,0.0,0.0,Partidos
103,Iker Muniain,es ESP,"CC,DL",31-086,4.4,1,11,6,54.5,2.51,1.37,0.09,0.17,14.6,0.0,0,0,1.4,1.4,0.13,-0.4,-0.4,Partidos
104,Asier Villalibre,es ESP,DL,26-166,3.8,1,7,2,28.6,1.86,0.53,0.14,0.5,10.8,0.0,0,0,0.9,0.9,0.13,0.1,0.1,Partidos
105,Adu Ares,es ESP,"DL,CC",22-154,1.7,0,3,0,0.0,1.73,0.0,0.0,,21.1,0.0,0,0,0.1,0.1,0.02,-0.1,-0.1,Partidos
106,Raúl García,es ESP,"DL,CC",37-247,2.2,0,5,0,0.0,2.3,0.0,0.0,,16.2,0.0,0,0,0.4,0.4,0.07,-0.4,-0.4,Partidos
107,Mikel Jauregizar,es ESP,CC,20-123,0.7,0,2,0,0.0,2.86,0.0,0.0,,,,0,0,,,,,,Partidos
108,Peru Nolaskoain,es ESP,"DF,CC",25-141,0.1,0,0,0,,0.0,0.0,,,,0.0,0,0,0.0,0.0,,0.0,0.0,Partidos
109,Total del equipo,,,28.0,28.0,46,347,127,36.6,12.39,4.54,0.12,0.34,15.4,4.0,3,5,42.8,38.8,0.11,3.2,4.2,
110,Total del oponente,,,27.5,28.0,24,287,97,33.8,10.25,3.46,0.08,0.25,17.9,15.0,0,1,27.7,27.0,0.1,-3.7,-3.0,
111,Álex Remiro,es ESP,PO,28-356,26.4,0,0,0,,0.0,0.0,,,,0.0,0,0,0.0,0.0,,0.0,0.0,Partidos
112,Martín Zubimendi,es ESP,CC,25-041,25.7,4,20,11,55.0,0.78,0.43,0.2,0.36,15.1,0.0,0,0,2.5,2.5,0.12,1.5,1.5,Partidos
113,Igor Zubeldia,es ESP,DF,26-350,24.0,0,10,0,0.0,0.42,0.0,0.0,,11.8,0.0,0,0,0.7,0.7,0.07,-0.7,-0.7,Partidos
114,Brais Méndez,es ESP,"CC,DL",27-067,22.0,4,53,12,22.6,2.41,0.55,0.08,0.33,20.5,9.0,0,0,3.5,3.5,0.07,0.5,0.5,Partidos
115,Robin Le Normand,es ESP,DF,27-124,20.5,2,5,4,80.0,0.24,0.19,0.4,0.5,8.5,0.0,0,0,0.9,0.9,0.17,1.1,1.1,Partidos
116,Hamari Traoré,ml MLI,DF,32-047,19.1,0,14,1,7.1,0.73,0.05,0.0,0.0,23.9,0.0,0,0,0.4,0.4,0.03,-0.4,-0.4,Partidos
117,Takefusa Kubo,jp JPN,"DL,CC",22-284,18.7,7,43,18,41.9,2.3,0.96,0.16,0.39,17.5,2.0,0,0,3.4,3.4,0.08,3.6,3.6,Partidos
118,Mikel Merino,es ESP,CC,27-266,18.6,3,23,8,34.8,1.24,0.43,0.13,0.38,13.1,0.0,0,0,2.8,2.8,0.12,0.2,0.2,Partidos
119,Mikel Oyarzabal,es ESP,"DL,CC",26-328,16.1,8,26,12,46.2,1.61,0.75,0.23,0.5,15.2,3.0,2,2,7.6,6.0,0.23,0.4,0.0,Partidos
120,Ander Barrenetxea,es ESP,"DL,CC",22-078,11.0,3,26,10,38.5,2.37,0.91,0.12,0.3,18.8,1.0,0,0,2.4,2.4,0.11,0.6,0.6,Partidos
121,Beñat Turrientes,es ESP,CC,22-043,11.9,0,16,7,43.8,1.35,0.59,0.0,0.0,25.1,1.0,0,0,0.8,0.8,0.05,-0.8,-0.8,Partidos
122,Umar Sadiq,ng NGA,DL,27-041,11.7,3,31,10,32.3,2.65,0.85,0.1,0.3,14.8,0.0,0,0,3.5,3.5,0.12,-0.5,-0.5,Partidos
123,Aihen Muñoz,es ESP,DF,26-211,12.5,0,7,2,28.6,0.56,0.16,0.0,0.0,24.2,0.0,0,0,0.3,0.3,0.04,-0.3,-0.3,Partidos
124,Kieran Tierney,sct SCO,DF,26-283,10.2,0,2,0,0.0,0.2,0.0,0.0,,12.2,0.0,0,0,0.2,0.2,0.09,-0.2,-0.2,Partidos
125,Arsen Zakharyan,ru RUS,"CC,DL",20-293,8.6,0,22,5,22.7,2.56,0.58,0.0,0.0,21.6,4.0,0,0,1.0,1.0,0.04,-1.0,-1.0,Partidos
126,Jon Pacheco,es ESP,DF,23-066,10.2,0,2,1,50.0,0.2,0.1,0.0,0.0,10.1,0.0,0,0,0.2,0.2,0.09,-0.2,-0.2,Partidos
127,André Silva,pt POR,DL,28-129,5.8,2,12,4,33.3,2.07,0.69,0.08,0.25,20.3,1.0,1,1,2.3,1.5,0.12,-0.3,-0.5,Partidos
128,Javi Galán,es ESP,DF,29-116,5.6,0,2,0,0.0,0.36,0.0,0.0,,23.3,0.0,0,0,0.1,0.1,0.04,-0.1,-0.1,Partidos
129,Carlos Fernández,es ESP,DL,27-297,4.5,2,8,3,37.5,1.76,0.66,0.13,0.33,15.1,0.0,1,1,1.5,0.7,0.09,0.5,0.3,Partidos
130,Aritz Elustondo,es ESP,DF,29-352,5.5,0,5,2,40.0,0.91,0.37,0.0,0.0,12.2,0.0,0,0,0.2,0.2,0.04,-0.2,-0.2,Partidos
131,Jon Aramburu,ve VEN,DF,21-235,4.8,0,4,0,0.0,0.84,0.0,0.0,,23.2,0.0,0,0,0.1,0.1,0.04,-0.1,-0.1,Partidos
132,Álvaro Odriozola,es ESP,DF,28-091,1.2,0,0,0,,0.0,0.0,,,,0.0,0,0,0.0,0.0,,0.0,0.0,Partidos
133,Olasagasti,es ESP,CC,23-211,3.5,0,8,0,0.0,2.3,0.0,0.0,,17.0,0.0,0,0,0.8,0.8,0.1,-0.8,-0.8,Partidos
134,Urko González,es ESP,CC,22-360,1.7,0,1,0,0.0,0.6,0.0,0.0,,11.9,0.0,0,0,0.0,0.0,0.04,0.0,0.0,Partidos
135,Mohamed Ali Cho,fr FRA,"DL,CC",20-055,2.8,0,3,0,0.0,1.08,0.0,0.0,,17.4,0.0,0,0,0.4,0.4,0.13,-0.4,-0.4,Partidos
136,Unai Marrero,es ESP,PO,22-157,1.6,0,0,0,,0.0,0.0,,,,0.0,0,0,0.0,0.0,,0.0,0.0,Partidos
137,Sheraldo Becker,sr SUR,"CC,DL",29-034,1.6,0,4,2,50.0,2.57,1.29,0.0,0.0,18.7,0.0,0,0,0.4,0.4,0.1,-0.4,-0.4,Partidos
138,Jon Magunacelaya,es ESP,"DL,CC",23-245,1.3,0,3,0,0.0,2.37,0.0,0.0,,14.8,0.0,0,0,0.3,0.3,0.09,-0.3,-0.3,Partidos
139,Alex Sola,es ESP,"DF,CC",24-279,0.3,0,0,0,,0.0,0.0,,,,0.0,0,0,0.0,0.0,,0.0,0.0,Partidos
140,Alberto Dadie,es ESP,CC,21-238,0.3,0,0,0,,0.0,0.0,,,,0.0,0,0,0.0,0.0,,0.0,0.0,Partidos
141,Total del equipo,,,26.4,28.0,38,350,112,32.0,12.5,4.0,0.1,0.3,17.9,21.0,4,4,35.3,32.1,0.1,2.7,1.9,
142,Total del oponente,,,28.1,28.0,30,301,99,32.9,10.75,3.54,0.09,0.26,17.5,20.0,4,4,30.4,27.4,0.09,-0.4,-1.4,
143,Germán Pezzella,ar ARG,DF,32-261,25.1,1,18,3,16.7,0.72,0.12,0.06,0.33,11.2,0.0,0,0,1.7,1.7,0.09,-0.7,-0.7,Partidos
144,Isco,es ESP,CC,31-328,20.5,6,49,21,42.9,2.39,1.02,0.1,0.24,18.0,2.0,1,1,6.7,6.0,0.12,-0.7,-1.0,Partidos
145,Marc Roca,es ESP,CC,27-109,20.2,2,20,7,35.0,0.99,0.35,0.1,0.29,24.3,0.0,0,0,1.1,1.1,0.06,0.9,0.9,Partidos
146,Rui Silva,pt POR,PO,30-036,18.5,0,0,0,,0.0,0.0,,,,0.0,0,0,0.0,0.0,,0.0,0.0,Partidos
147,Ayoze Pérez,es ESP,DL,30-229,16.7,4,46,15,32.6,2.75,0.9,0.09,0.27,12.8,0.0,0,0,5.3,5.3,0.12,-1.3,-1.3,Partidos
148,Héctor Bellerín,es ESP,DF,28-361,16.4,0,0,0,,0.0,0.0,,,,0.0,0,0,0.0,0.0,,0.0,0.0,Partidos
149,Willian José,br BRA,DL,32-112,15.8,8,40,19,47.5,2.52,1.2,0.2,0.42,16.0,4.0,0,0,4.9,4.9,0.12,3.1,3.1,Partidos
150,Chadi Riad,ma MAR,DF,20-271,15.5,0,9,4,44.4,0.58,0.26,0.0,0.0,9.4,0.0,0,0,0.6,0.6,0.07,-0.6,-0.6,Partidos
151,Guido Rodríguez,ar ARG,CC,29-337,13.3,2,13,6,46.2,0.98,0.45,0.15,0.33,21.9,0.0,0,0,0.5,0.5,0.04,1.5,1.5,Partidos
152,Juan Miranda,es ESP,DF,24-055,13.2,0,10,3,30.0,0.76,0.23,0.0,0.0,17.8,1.0,0,0,1.1,1.1,0.12,-1.1,-1.1,Partidos
153,Abner,br BRA,DF,23-292,12.9,0,4,0,0.0,0.31,0.0,0.0,,15.4,0.0,0,0,0.1,0.1,0.03,-0.1,-0.1,Partidos
154,Assane Diao,es ESP,DL,18-189,11.4,2,19,3,15.8,1.67,0.26,0.11,0.67,13.8,0.0,0,0,2.3,2.3,0.12,-0.3,-0.3,Partidos
155,Rodri,es ESP,"DL,CC",23-303,9.6,0,16,4,25.0,1.66,0.42,0.0,0.0,17.6,0.0,0,0,1.0,1.0,0.06,-1.0,-1.0,Partidos
156,Aitor Ruibal,es ESP,"DF,DL",27-358,8.6,2,11,2,18.2,1.28,0.23,0.18,1.0,21.1,0.0,0,0,0.8,0.8,0.07,1.2,1.2,Partidos
157,Sokratis Papastathopoulos,gr GRE,DF,35-279,7.8,0,1,1,100.0,0.13,0.13,0.0,0.0,4.6,0.0,0,0,0.2,0.2,0.21,-0.2,-0.2,Partidos
158,Claudio Bravo,cl CHI,PO,40-336,7.0,0,0,0,,0.0,0.0,,,,0.0,0,0,0.0,0.0,,0.0,0.0,Partidos
159,Johnny Cardoso,us USA,CC,22-176,6.9,1,6,2,33.3,0.87,0.29,0.17,0.5,21.3,0.0,0,0,0.5,0.5,0.08,0.5,0.5,Partidos
160,Luiz Henrique,br BRA,DL,23-072,6.8,0,18,3,16.7,2.63,0.44,0.0,0.0,15.9,0.0,0,0,1.2,1.2,0.07,-1.2,-1.2,Partidos
161,Nabil Fekir,fr FRA,"CC,DL",30-240,6.5,0,18,3,16.7,2.78,0.46,0.0,0.0,19.2,4.0,0,0,1.6,1.6,0.09,-1.6,-1.6,Partidos
162,Youssouf Sabaly,sn SEN,DF,31-009,6.0,0,2,0,0.0,0.34,0.0,0.0,,21.7,0.0,0,0,0.1,0.1,0.03,-0.1,-0.1,Partidos
163,Sergi Altimira,es ESP,CC,22-202,5.6,1,6,1,16.7,1.07,0.18,0.17,1.0,23.8,0.0,0,0,0.2,0.2,0.03,0.8,0.8,Partidos
164,Abdessamad Ezzalzouli,ma MAR,DL,22-088,7.6,1,23,4,17.4,3.04,0.53,0.04,0.25,17.6,0.0,0,0,1.0,1.0,0.04,0.0,0.0,Partidos
165,Pablo Fornals,es ESP,"DL,CC",28-021,5.0,1,4,1,25.0,0.8,0.2,0.25,1.0,20.4,0.0,0,0,0.2,0.2,0.04,0.8,0.8,Partidos
166,Andrés Guardado,mx MEX,CC,37-168,5.0,0,5,0,0.0,1.01,0.0,0.0,,24.4,0.0,0,0,0.1,0.1,0.03,-0.1,-0.1,Partidos
167,Borja Iglesias,es ESP,DL,31-057,4.5,0,10,0,0.0,2.21,0.0,0.0,,16.3,0.0,0,0,0.6,0.6,0.06,-0.6,-0.6,Partidos
168,Luiz Felipe,it ITA,DF,26-358,4.0,0,2,0,0.0,0.5,0.0,0.0,,10.8,0.0,0,0,0.1,0.1,0.03,-0.1,-0.1,Partidos
169,Ezequiel Ávila,ar ARG,DL,30-037,3.1,1,8,2,25.0,2.6,0.65,0.13,0.5,23.0,0.0,0,0,0.7,0.7,0.09,0.3,0.3,Partidos
170,William Carvalho,pt POR,CC,31-342,5.7,1,7,3,42.9,1.22,0.52,0.14,0.33,25.0,0.0,0,0,0.3,0.3,0.04,0.7,0.7,Partidos
171,Marc Bartra,es ESP,DF,33-059,2.5,0,3,0,0.0,1.2,0.0,0.0,,11.6,0.0,0,0,0.2,0.2,0.07,-0.2,-0.2,Partidos
172,Francisco Barbosa,es ESP,PO,24-312,2.5,0,0,0,,0.0,0.0,,,,0.0,0,0,0.0,0.0,,0.0,0.0,Partidos
173,Juan Cruz,es ESP,DL,23-324,0.8,0,2,0,0.0,2.37,0.0,0.0,,21.6,0.0,0,0,0.1,0.1,0.04,-0.1,-0.1,Partidos
174,Ricardo Visus,es ESP,DF,22-325,0.8,0,0,0,,0.0,0.0,,,,,0,0,,,,,,Partidos
175,Pablo Busto,es ESP,DF,18-181,0.5,0,1,0,0.0,2.05,0.0,0.0,,28.3,0.0,0,0,0.0,0.0,0.01,0.0,0.0,Partidos
176,Paul Akouokou,ci CIV,CC,26-085,0.3,0,0,0,,0.0,0.0,,,,0.0,0,0,0.0,0.0,,0.0,0.0,Partidos
177,Cédric Bakambu,cd COD,DL,32-338,0.3,0,1,0,0.0,3.6,0.0,0.0,,13.0,0.0,0,0,0.0,0.0,0.04,0.0,0.0,Partidos
178,Total del equipo,,,28.4,28.0,33,372,107,28.8,13.29,3.82,0.09,0.3,17.2,11.0,1,1,32.6,31.8,0.09,0.4,0.2,
179,Total del oponente,,,27.8,28.0,28,336,108,32.1,12.0,3.86,0.07,0.21,18.5,12.0,5,6,37.2,32.4,0.1,-9.2,-9.4,
180,Giorgi Mamardashvili,ge GEO,PO,23-167,27.0,0,0,0,,0.0,0.0,,,,0.0,0,0,0.0,0.0,,0.0,0.0,Partidos
181,José Luis García Vayá,es ESP,CC,25-216,26.7,4,22,3,13.6,0.82,0.11,0.0,0.0,34.0,10.0,4,5,4.7,0.7,0.03,-0.7,-0.7,Partidos
182,Hugo Duro,es ESP,DL,24-125,24.9,12,51,22,43.1,2.05,0.88,0.24,0.55,12.8,2.0,0,0,9.3,9.3,0.18,2.7,2.7,Partidos
183,Francisco Perez,es ESP,"CC,DL",21-187,19.5,1,17,2,11.8,0.87,0.1,0.06,0.5,18.1,0.0,0,0,1.0,1.0,0.06,0.0,0.0,Partidos
184,Cristhian Mosquera,co COL,DF,19-261,23.2,0,8,2,25.0,0.35,0.09,0.0,0.0,15.1,0.0,0,0,0.6,0.6,0.08,-0.6,-0.6,Partidos
185,José Luis Gayà,es ESP,DF,28-294,19.0,1,10,1,10.0,0.53,0.05,0.1,1.0,20.1,1.0,0,0,0.5,0.5,0.05,0.5,0.5,Partidos
186,Diego López,es ESP,"DL,CC",21-306,19.2,3,25,12,48.0,1.3,0.62,0.12,0.25,15.6,0.0,0,0,2.4,2.4,0.1,0.6,0.6,Partidos
187,Javier Guerra,es ESP,"CC,DL",21-073,19.4,4,29,11,37.9,1.49,0.57,0.14,0.36,24.6,1.0,0,0,2.1,2.1,0.07,1.9,1.9,Partidos
188,Thierry Correia,pt POR,DF,25-005,15.9,0,4,2,50.0,0.25,0.13,0.0,0.0,20.8,0.0,0,0,0.6,0.6,0.15,-0.6,-0.6,Partidos
189,Gabriel Paulista,br BRA,DF,33-109,15.5,0,7,0,0.0,0.45,0.0,0.0,,13.3,0.0,0,0,0.4,0.4,0.05,-0.4,-0.4,Partidos
190,Dimitri Foulquier,fr FRA,"DF,CC",30-357,14.3,0,6,1,16.7,0.42,0.07,0.0,0.0,16.9,0.0,0,0,0.6,0.6,0.1,-0.6,-0.6,Partidos
191,Mouctar Diakhaby,gn GUI,"DF,CC",27-086,11.9,1,7,3,42.9,0.59,0.25,0.14,0.33,13.9,0.0,0,0,0.7,0.7,0.1,0.3,0.3,Partidos
192,Cenk Özkacar,tr TUR,DF,23-160,9.7,0,3,0,0.0,0.31,0.0,0.0,,16.9,0.0,0,0,0.1,0.1,0.03,-0.1,-0.1,Partidos
193,Sergi Canós,es ESP,"CC,DL",27-041,8.5,1,22,9,40.9,2.57,1.05,0.05,0.11,24.2,0.0,0,0,0.8,0.8,0.04,0.2,0.2,Partidos
194,Hugo Guillamón,es ESP,CC,24-043,11.3,1,3,2,66.7,0.27,0.18,0.33,0.5,18.3,0.0,0,0,0.2,0.2,0.07,0.8,0.8,Partidos
195,Roman Yaremchuk,ua UKR,DL,28-108,7.7,3,13,9,69.2,1.68,1.16,0.23,0.33,12.7,0.0,0,0,2.9,2.9,0.22,0.1,0.1,Partidos
196,Selim Amallah,ma MAR,"DL,CC",27-120,6.5,0,10,3,30.0,1.55,0.46,0.0,0.0,21.7,0.0,0,0,0.4,0.4,0.04,-0.4,-0.4,Partidos
197,Domingos André Ribeiro Almeida,pt POR,"DL,CC",23-289,5.3,0,5,2,40.0,0.94,0.38,0.0,0.0,20.9,0.0,0,0,0.2,0.2,0.04,-0.2,-0.2,Partidos
198,Jesus Vazquez,es ESP,"DF,CC",21-072,3.3,1,4,1,25.0,1.2,0.3,0.25,1.0,16.7,0.0,0,0,0.8,0.8,0.2,0.2,0.2,Partidos
199,Yarek Hernandis,es ESP,DF,19-062,3.2,0,0,0,,0.0,0.0,,,,,0,0,,,,,,Partidos
200,Pablo Gozalbez,es ESP,"CC,DL",22-319,1.1,0,1,0,0.0,0.87,0.0,0.0,,30.8,0.0,0,0,0.0,0.0,0.02,0.0,0.0,Partidos
201,Peter González,do DOM,"CC,DL",21-233,1.1,0,4,1,25.0,3.56,0.89,0.0,0.0,23.6,0.0,0,0,0.1,0.1,0.03,-0.1,-0.1,Partidos
202,Alberto Marí,es ESP,"DL,CC",22-247,0.6,0,1,0,0.0,1.55,0.0,0.0,,5.1,0.0,0,0,0.1,0.1,0.14,-0.1,-0.1,Partidos
203,Hugo González,es ESP,"CC,DL",21-036,0.6,0,1,0,0.0,1.67,0.0,0.0,,29.8,0.0,0,0,0.0,0.0,0.02,0.0,0.0,Partidos
204,Mario Dominguez,es ESP,DL,20-033,0.3,0,3,1,33.3,10.8,3.6,0.0,0.0,17.3,0.0,0,0,0.2,0.2,0.05,-0.2,-0.2,Partidos
205,César Tárrega,es ESP,DF,22-017,0.1,0,0,0,,0.0,0.0,,,,0.0,0,0,0.0,0.0,,0.0,0.0,Partidos
206,Total del equipo,,,24.8,27.0,32,256,87,34.0,9.48,3.22,0.11,0.32,19.2,14.0,4,5,28.4,24.5,0.1,3.6,3.5,
207,Total del oponente,,,27.8,27.0,30,258,104,40.3,9.56,3.85,0.11,0.27,16.9,16.0,2,3,32.0,29.7,0.12,-2.0,-1.7,
208,Álvaro Vallés,es ESP,PO,26-233,28.0,0,0,0,,0.0,0.0,,,,0.0,0,0,0.0,0.0,,0.0,0.0,Partidos
209,Kirian Rodríguez,es ESP,CC,28-009,25.7,6,30,12,40.0,1.17,0.47,0.2,0.5,25.3,1.0,0,0,1.5,1.5,0.05,4.5,4.5,Partidos
210,Mika Màrmol,es ESP,DF,21-256,25.5,0,3,0,0.0,0.12,0.0,0.0,,15.9,0.0,0,0,0.2,0.2,0.05,-0.2,-0.2,Partidos
211,Munir El Haddadi,ma MAR,DL,28-195,22.9,3,35,8,22.9,1.53,0.35,0.09,0.38,16.5,2.0,0,1,3.9,3.1,0.09,-0.9,-0.1,Partidos
212,Sergi Cardona,es ESP,DF,24-250,25.1,1,23,4,17.4,0.92,0.16,0.04,0.25,14.6,0.0,0,0,2.5,2.5,0.11,-1.5,-1.5,Partidos
213,Javier Muñoz,es ESP,CC,29-015,22.5,2,27,8,29.6,1.2,0.36,0.07,0.25,21.6,0.0,0,0,2.1,2.1,0.08,-0.1,-0.1,Partidos
214,Álex Suárez,es ESP,DF,30-362,19.8,1,4,3,75.0,0.2,0.15,0.25,0.33,11.3,0.0,0,0,0.4,0.4,0.1,0.6,0.6,Partidos
215,Saúl Coco,gq EQG,DF,25-034,18.4,1,17,4,23.5,0.92,0.22,0.06,0.25,25.7,6.0,0,0,1.0,1.0,0.06,0.0,0.0,Partidos
216,Máximo Perrone,ar ARG,CC,21-067,14.2,0,5,1,20.0,0.35,0.07,0.0,0.0,24.9,0.0,0,0,0.1,0.1,0.02,-0.1,-0.1,Partidos
217,Enzo Loiodice,fr FRA,CC,23-108,15.3,0,14,6,42.9,0.92,0.39,0.0,0.0,24.7,0.0,0,0,0.5,0.5,0.03,-0.5,-0.5,Partidos
218,Sandro Ramírez,es ESP,DL,28-249,13.3,1,34,12,35.3,2.56,0.9,0.03,0.08,22.0,3.0,0,0,1.5,1.5,0.04,-0.5,-0.5,Partidos
219,Alberto Moleiro,es ESP,"DL,CC",20-166,11.4,2,17,3,17.6,1.49,0.26,0.12,0.67,20.8,0.0,0,0,0.6,0.6,0.04,1.4,1.4,Partidos
220,Julian Araujo,mx MEX,DF,22-214,13.5,1,5,2,40.0,0.37,0.15,0.2,0.5,20.3,0.0,0,0,0.6,0.6,0.13,0.4,0.4,Partidos
221,Marvin,es ESP,"DL,DF",23-255,13.2,0,11,1,9.1,0.83,0.08,0.0,0.0,17.3,0.0,0,0,0.6,0.6,0.06,-0.6,-0.6,Partidos
222,Jonathan Viera,es ESP,"CC,DL",34-145,6.9,2,12,4,33.3,1.75,0.58,0.0,0.0,24.0,2.0,2,2,2.3,0.7,0.06,-0.3,-0.7,Partidos
223,Sory Kaba,gn GUI,DL,28-230,6.6,1,12,1,8.3,1.81,0.15,0.08,1.0,16.9,0.0,0,0,1.4,1.4,0.11,-0.4,-0.4,Partidos
224,Marc Cardona,es ESP,DL,28-250,6.0,3,14,7,50.0,2.32,1.16,0.14,0.29,16.0,0.0,1,1,3.1,2.3,0.16,-0.1,-0.3,Partidos
225,Francisco Jesús Crespo García,es ESP,DL,27-229,5.4,2,13,8,61.5,2.42,1.49,0.15,0.25,21.2,0.0,0,0,1.2,1.2,0.09,0.8,0.8,Partidos
226,Daley Sinkgraven,nl NED,DF,28-254,2.9,0,0,0,,0.0,0.0,,,,0.0,0,0,0.0,0.0,,0.0,0.0,Partidos
227,Juan Herzog,es ESP,DF,20-306,2.2,1,1,1,100.0,0.45,0.45,1.0,1.0,6.0,0.0,0,0,0.2,0.2,0.19,0.8,0.8,Partidos
228,Álvaro Lemos,es ESP,DF,30-350,2.2,0,1,0,0.0,0.46,0.0,0.0,,29.3,0.0,0,0,0.0,0.0,0.02,0.0,0.0,Partidos
229,Cristian Herrera,es ESP,"DL,CC",33-001,1.7,1,1,1,100.0,0.58,0.58,1.0,1.0,3.8,0.0,0,0,0.9,0.9,0.87,0.1,0.1,Partidos
230,José Campaña,es ESP,CC,30-288,1.1,0,1,0,0.0,0.89,0.0,0.0,,28.8,0.0,0,0,0.0,0.0,0.02,0.0,0.0,Partidos
231,Eric Curbelo,es ESP,DF,30-060,1.0,0,0,0,,0.0,0.0,,,,0.0,0,0,0.0,0.0,,0.0,0.0,Partidos
232,Omenuke Mfulu,cd COD,"CC,DL",29-360,0.9,0,0,0,,0.0,0.0,,,,0.0,0,0,0.0,0.0,,0.0,0.0,Partidos
233,Benito Ramírez,es ESP,"DL,CC",28-247,1.9,1,6,2,33.3,3.09,1.03,0.17,0.5,21.9,1.0,0,0,0.3,0.3,0.04,0.7,0.7,Partidos
234,Iñaki González,es ESP,CC,19-231,0.1,0,0,0,,0.0,0.0,,,,0.0,0,0,0.0,0.0,,0.0,0.0,Partidos
235,Fabio González,es ESP,CC,27-031,0.0,0,0,0,,0.0,0.0,,,,0.0,0,0,0.0,0.0,,0.0,0.0,Partidos
236,Total del equipo,,,26.2,28.0,29,286,88,30.8,10.21,3.14,0.09,0.3,20.4,15.0,3,4,24.6,21.4,0.08,4.4,4.6,
237,Total del oponente,,,27.9,28.0,30,336,111,33.0,12.0,3.96,0.08,0.23,17.3,12.0,4,6,40.6,36.1,0.11,-10.6,-10.1,
238,David García,es ESP,DF,30-029,24.7,0,14,2,14.3,0.57,0.08,0.0,0.0,9.7,0.0,0,0,0.9,0.9,0.06,-0.9,-0.9,Partidos
239,Ante Budimir,hr CRO,DL,32-236,23.7,14,62,26,41.9,2.61,1.1,0.18,0.42,12.6,0.0,3,3,11.2,8.8,0.14,2.8,2.2,Partidos
240,Sergio Herrera,es ESP,PO,30-283,23.9,0,0,0,,0.0,0.0,,,,0.0,0,0,0.0,0.0,,0.0,0.0,Partidos
241,Aimar Oroz,es ESP,CC,22-108,23.1,1,20,4,20.0,0.87,0.17,0.0,0.0,18.4,1.0,1,1,2.5,1.7,0.09,-1.5,-1.7,Partidos
242,Jesús Areso,es ESP,DF,24-256,20.6,1,4,2,50.0,0.19,0.1,0.25,0.5,22.9,0.0,0,0,0.1,0.1,0.02,0.9,0.9,Partidos
243,Catena,es ESP,DF,29-138,19.7,1,12,3,25.0,0.61,0.15,0.08,0.33,10.4,0.0,0,0,0.9,0.9,0.07,0.1,0.1,Partidos
244,Rubén Peña,es ESP,"DF,DL",32-240,16.6,0,11,2,18.2,0.66,0.12,0.0,0.0,20.0,0.0,0,0,0.6,0.6,0.06,-0.6,-0.6,Partidos
245,Moi Gómez,es ESP,"CC,DL",29-265,17.1,2,13,6,46.2,0.76,0.35,0.15,0.33,20.3,0.0,0,0,1.3,1.3,0.1,0.7,0.7,Partidos
246,Lucas Torró,es ESP,CC,29-239,15.2,0,22,4,18.2,1.44,0.26,0.0,0.0,25.1,1.0,0,0,1.0,1.0,0.05,-1.0,-1.0,Partidos
247,Johan Mojica,co COL,"DF,DL",31-206,15.9,0,13,1,7.7,0.82,0.06,0.0,0.0,21.7,2.0,0,0,0.9,0.9,0.07,-0.9,-0.9,Partidos
248,Jon Moncayola,es ESP,CC,25-306,14.7,0,13,4,30.8,0.88,0.27,0.0,0.0,24.0,0.0,0,0,0.4,0.4,0.03,-0.4,-0.4,Partidos
249,Juan Cruz Armada,es ESP,DF,31-230,14.6,0,2,0,0.0,0.14,0.0,0.0,,29.9,0.0,0,0,0.0,0.0,0.01,0.0,0.0,Partidos
250,Iker Muñoz,es ESP,CC,21-130,11.9,2,15,3,20.0,1.26,0.25,0.13,0.67,23.1,0.0,0,0,0.6,0.6,0.04,1.4,1.4,Partidos
251,Rubén García,es ESP,DL,30-244,10.6,2,13,6,46.2,1.22,0.56,0.15,0.33,17.8,2.0,0,0,1.3,1.3,0.1,0.7,0.7,Partidos
252,Ezequiel Ávila,ar ARG,"DL,CC",30-037,9.6,1,27,6,22.2,2.81,0.62,0.04,0.17,21.2,0.0,0,0,2.0,2.0,0.08,-1.0,-1.0,Partidos
253,Jorge Herrando,es ESP,DF,23-015,8.4,0,1,0,0.0,0.12,0.0,0.0,,9.5,0.0,0,0,0.1,0.1,0.07,-0.1,-0.1,Partidos
254,Raúl,es ESP,DL,23-132,8.7,3,19,4,21.1,2.19,0.46,0.16,0.75,11.6,0.0,0,0,3.0,3.0,0.16,0.0,0.0,Partidos
255,Pablo Ibáñez,es ESP,CC,25-176,7.8,1,22,6,27.3,2.81,0.77,0.05,0.17,17.8,0.0,0,0,2.1,2.1,0.1,-1.1,-1.1,Partidos
256,José Arnaiz,es ESP,"DL,CC",28-334,6.4,1,22,7,31.8,3.42,1.09,0.05,0.14,22.6,5.0,0,0,1.4,1.4,0.06,-0.4,-0.4,Partidos
257,Unai García,es ESP,DF,32-040,4.9,1,2,1,50.0,0.41,0.21,0.5,1.0,14.4,0.0,0,0,0.1,0.1,0.06,0.9,0.9,Partidos
258,Aitor Fernández,es ESP,PO,32-316,4.1,0,0,0,,0.0,0.0,,,,0.0,0,0,0.0,0.0,,0.0,0.0,Partidos
259,Kike Barja,es ESP,"DL,CC",26-348,3.4,0,4,2,50.0,1.19,0.59,0.0,0.0,14.1,0.0,0,0,0.2,0.2,0.06,-0.2,-0.2,Partidos
260,Nacho Vidal,es ESP,"DF,DL",29-050,1.1,1,3,1,33.3,2.81,0.94,0.33,1.0,12.4,0.0,0,0,0.3,0.3,0.1,0.7,0.7,Partidos
261,Darko Brašanac,rs SRB,CC,32-031,0.5,0,0,0,,0.0,0.0,,,,0.0,0,0,0.0,0.0,,0.0,0.0,Partidos
262,Iñigo Arguibide,es ESP,DF,18-330,0.2,0,0,0,,0.0,0.0,,,,0.0,0,0,0.0,0.0,,0.0,0.0,Partidos
263,Total del equipo,,,28.6,28.0,31,314,90,28.7,11.21,3.21,0.09,0.3,17.8,11.0,4,4,30.6,27.5,0.09,0.4,-0.5,
264,Total del oponente,,,27.5,28.0,39,314,104,33.1,11.21,3.71,0.12,0.37,16.3,12.0,1,2,36.2,34.8,0.11,2.8,3.2,
265,Filip Jørgensen,dk DEN,PO,21-333,27.0,0,0,0,,0.0,0.0,,,,0.0,0,0,0.0,0.0,,0.0,0.0,Partidos
266,Alex Baena,es ESP,"CC,DL",22-238,20.8,2,52,20,38.5,2.5,0.96,0.04,0.1,20.2,5.0,0,0,5.3,5.3,0.1,-3.3,-3.3,Partidos
267,Gerard Moreno,es ESP,DL,31-342,21.3,10,55,17,30.9,2.58,0.8,0.15,0.47,15.0,0.0,2,2,8.3,6.7,0.12,1.7,1.3,Partidos
268,Daniel Parejo,es ESP,CC,34-333,20.9,2,6,3,50.0,0.29,0.14,0.0,0.0,28.0,2.0,2,2,1.9,0.4,0.06,0.1,-0.4,Partidos
269,Alexander Sørloth,no NOR,DL,28-100,18.6,13,48,24,50.0,2.59,1.29,0.27,0.54,11.2,0.0,0,0,8.7,8.7,0.18,4.3,4.3,Partidos
270,Raúl Albiol,es ESP,DF,38-192,18.2,0,6,1,16.7,0.33,0.06,0.0,0.0,9.5,0.0,0,0,0.4,0.4,0.07,-0.4,-0.4,Partidos
271,Jorge Cuenca,es ESP,DF,24-118,16.6,2,15,6,40.0,0.91,0.36,0.13,0.33,11.5,0.0,0,0,0.8,0.8,0.05,1.2,1.2,Partidos
272,Étienne Capoue,fr FRA,CC,35-247,14.7,1,13,5,38.5,0.88,0.34,0.08,0.2,15.3,0.0,0,0,0.9,0.9,0.07,0.1,0.1,Partidos
273,Alberto Moreno,es ESP,"DF,CC",31-253,13.1,1,13,3,23.1,0.99,0.23,0.08,0.33,20.5,0.0,0,0,0.6,0.6,0.05,0.4,0.4,Partidos
274,Santi Comesaña,es ESP,CC,27-161,12.5,2,12,5,41.7,0.96,0.4,0.17,0.4,13.7,0.0,0,0,1.4,1.4,0.12,0.6,0.6,Partidos
275,Alfonso Pedraza,es ESP,DF,27-340,10.6,1,8,3,37.5,0.75,0.28,0.13,0.33,17.0,0.0,0,0,0.4,0.4,0.05,0.6,0.6,Partidos
276,Ilias Akhomach,es ESP,"CC,DL",19-333,12.7,1,19,4,21.1,1.5,0.32,0.05,0.25,19.1,0.0,0,0,2.1,2.1,0.11,-1.1,-1.1,Partidos
277,Juan Foyth,ar ARG,DF,26-062,11.8,1,6,2,33.3,0.51,0.17,0.17,0.5,12.8,0.0,0,0,0.4,0.4,0.07,0.6,0.6,Partidos
278,Adrià Altimira,es ESP,"DF,CC",22-352,8.6,0,1,0,0.0,0.12,0.0,0.0,,27.2,0.0,0,0,0.0,0.0,0.03,0.0,0.0,Partidos
279,José Luis Morales,es ESP,"DL,CC",36-235,9.9,6,20,9,45.0,2.02,0.91,0.3,0.67,12.6,0.0,0,0,4.7,4.7,0.23,1.3,1.3,Partidos
280,Kiko Femenía,es ESP,DF,33-041,9.6,0,1,0,0.0,0.1,0.0,0.0,,51.1,1.0,0,0,0.0,0.0,0.01,0.0,0.0,Partidos
281,Aïssa Mandi,dz ALG,DF,32-144,8.6,1,2,2,100.0,0.23,0.23,0.5,0.5,8.2,0.0,0,0,0.5,0.5,0.26,0.5,0.5,Partidos
282,Yeremi Pino,es ESP,"CC,DL",21-146,5.3,0,9,4,44.4,1.71,0.76,0.0,0.0,12.5,0.0,0,0,1.4,1.4,0.16,-1.4,-1.4,Partidos
283,Eric Bailly,ci CIV,DF,29-337,6.3,0,2,0,0.0,0.32,0.0,0.0,,9.7,0.0,0,0,0.2,0.2,0.11,-0.2,-0.2,Partidos
284,Francis Coquelin,fr FRA,CC,32-306,6.3,0,0,0,,0.0,0.0,,,,0.0,0,0,0.0,0.0,,0.0,0.0,Partidos
285,Matteo Gabbia,it ITA,DF,24-145,5.3,0,0,0,,0.0,0.0,,,,0.0,0,0,0.0,0.0,,0.0,0.0,Partidos
286,Ramón Terrats,es ESP,CC,23-148,6.9,0,7,1,14.3,1.02,0.15,0.0,0.0,21.9,0.0,0,0,0.3,0.3,0.04,-0.3,-0.3,Partidos
287,Yerson Mosquera,co COL,DF,22-317,4.2,0,1,0,0.0,0.24,0.0,0.0,,8.4,0.0,0,0,0.0,0.0,0.03,0.0,0.0,Partidos
288,Gonçalo Guedes,pt POR,"DL,CC",27-106,3.8,2,13,5,38.5,3.43,1.32,0.15,0.4,19.5,0.0,0,0,1.0,1.0,0.08,1.0,1.0,Partidos
289,Ben Brereton,cl CHI,"DL,CC",24-331,3.0,0,5,1,20.0,1.67,0.33,0.0,0.0,18.1,0.0,0,0,0.2,0.2,0.04,-0.2,-0.2,Partidos
290,Carlos Romero,es ESP,DF,22-137,2.7,0,2,1,50.0,0.75,0.38,0.0,0.0,11.1,0.0,0,0,0.4,0.4,0.2,-0.4,-0.4,Partidos
291,Bertrand Traoré,bf BFA,CC,28-190,1.7,0,4,2,50.0,2.34,1.17,0.0,0.0,23.6,0.0,0,0,0.1,0.1,0.03,-0.1,-0.1,Partidos
292,Manu Trigueros,es ESP,CC,32-149,2.3,0,5,3,60.0,2.13,1.28,0.0,0.0,18.0,0.0,0,0,0.5,0.5,0.09,-0.5,-0.5,Partidos
293,Denis Suárez,es ESP,"CC,DL",30-068,1.5,0,1,0,0.0,0.68,0.0,0.0,,11.5,0.0,0,0,0.1,0.1,0.09,-0.1,-0.1,Partidos
294,Pepe Reina,es ESP,PO,41-196,1.0,0,0,0,,0.0,0.0,,,,0.0,0,0,0.0,0.0,,0.0,0.0,Partidos
295,Stefan Lekovic,rs SRB,DF,20-065,0.3,0,0,0,,0.0,0.0,,,,0.0,0,0,0.0,0.0,,0.0,0.0,Partidos
296,Pascu,es ESP,DL,20-340,0.2,0,0,0,,0.0,0.0,,,,0.0,0,0,0.0,0.0,,0.0,0.0,Partidos
297,Total del equipo,,,28.6,28.0,45,326,121,37.1,11.64,4.32,0.13,0.34,16.0,8.0,4,4,40.0,36.8,0.12,5.0,4.2,
298,Total del oponente,,,27.8,28.0,50,420,153,36.4,15.0,5.46,0.11,0.3,17.5,16.0,4,4,43.6,40.4,0.1,6.4,5.6,
299,David Soria,es ESP,PO,30-345,28.0,0,0,0,,0.0,0.0,,,,0.0,0,0,0.0,0.0,,0.0,0.0,Partidos
300,Nemanja Maksimović,rs SRB,CC,29-048,26.4,4,29,13,44.8,1.1,0.49,0.14,0.31,12.1,0.0,0,0,3.8,3.8,0.13,0.2,0.2,Partidos
301,Borja Mayoral,es ESP,DL,26-344,23.9,15,43,23,53.5,1.8,0.96,0.26,0.48,15.8,0.0,4,4,11.9,8.7,0.2,3.1,2.3,Partidos
302,Gastón Álvarez,uy URU,DF,23-356,21.7,1,13,2,15.4,0.6,0.09,0.08,0.5,16.6,0.0,0,0,0.7,0.7,0.05,0.3,0.3,Partidos
303,Djené,tg TOG,"DF,CC",32-074,19.8,0,4,0,0.0,0.2,0.0,0.0,,28.5,0.0,0,0,0.1,0.1,0.02,-0.1,-0.1,Partidos
304,Diego Rico,es ESP,DF,31-020,21.6,0,12,1,8.3,0.56,0.05,0.0,0.0,26.5,0.0,0,0,0.2,0.2,0.02,-0.2,-0.2,Partidos
305,Mason Greenwood,eng ENG,"CC,DL",22-165,19.6,6,63,20,31.7,3.22,1.02,0.06,0.2,21.0,2.0,2,2,5.2,3.6,0.06,0.8,0.4,Partidos
306,Jaime Mata,es ESP,"DL,CC",35-142,14.1,4,21,7,33.3,1.48,0.49,0.19,0.57,14.7,0.0,0,0,3.2,3.2,0.15,0.8,0.8,Partidos
307,Luis Milla,es ESP,CC,29-159,15.0,0,9,4,44.4,0.6,0.27,0.0,0.0,24.0,1.0,0,0,0.3,0.3,0.04,-0.3,-0.3,Partidos
308,Omar Alderete,py PAR,DF,27-079,14.9,0,14,2,14.3,0.94,0.13,0.0,0.0,19.1,1.0,0,0,0.4,0.4,0.03,-0.4,-0.4,Partidos
309,Damián Suárez,uy URU,DF,35-322,14.4,0,4,1,25.0,0.28,0.07,0.0,0.0,25.3,1.0,0,0,0.3,0.3,0.08,-0.3,-0.3,Partidos
310,Juanmi Latasa,es ESP,DL,22-357,13.6,2,34,13,38.2,2.49,0.95,0.06,0.15,12.3,0.0,0,0,2.9,2.9,0.08,-0.9,-0.9,Partidos
311,Iglesias,es ESP,"DF,DL",25-255,13.4,0,13,6,46.2,0.97,0.45,0.0,0.0,25.0,0.0,0,0,0.5,0.5,0.04,-0.5,-0.5,Partidos
312,Domingos Duarte,pt POR,DF,29-004,10.1,0,1,0,0.0,0.1,0.0,0.0,,2.8,0.0,0,0,0.3,0.3,0.27,-0.3,-0.3,Partidos
313,Carles Aleñá,es ESP,"CC,DL",26-069,9.5,1,14,5,35.7,1.48,0.53,0.07,0.2,18.7,0.0,0,0,1.1,1.1,0.08,-0.1,-0.1,Partidos
314,Carmona,es ESP,"CC,DF",22-045,8.3,1,10,2,20.0,1.2,0.24,0.1,0.5,16.5,0.0,0,0,0.4,0.4,0.04,0.6,0.6,Partidos
315,Stefan Mitrović,rs SRB,DF,33-297,7.8,1,1,1,100.0,0.13,0.13,1.0,1.0,8.7,0.0,0,0,0.1,0.1,0.09,0.9,0.9,Partidos
316,Jordi,es ESP,CC,23-069,5.3,0,7,3,42.9,1.33,0.57,0.0,0.0,12.9,0.0,0,0,1.3,1.3,0.18,-1.3,-1.3,Partidos
317,Mauro Arambarri,uy URU,CC,28-166,3.8,0,9,2,22.2,2.39,0.53,0.0,0.0,21.7,0.0,0,0,0.5,0.5,0.06,-0.5,-0.5,Partidos
318,Ilaix Moriba,gn GUI,CC,21-055,2.6,0,0,0,,0.0,0.0,,,,0.0,0,0,0.0,0.0,,0.0,0.0,Partidos
319,Óscar Rodríguez Arnaiz,es ESP,"CC,DL",25-260,4.1,1,12,4,33.3,2.92,0.97,0.08,0.25,25.8,0.0,0,0,0.6,0.6,0.05,0.4,0.4,Partidos
320,Jesús Santiago,es ESP,CC,19-294,1.9,0,0,0,,0.0,0.0,,,,0.0,0,0,0.0,0.0,,0.0,0.0,Partidos
321,Enes Ünal,tr TUR,"DL,CC",26-309,1.6,0,1,0,0.0,0.64,0.0,0.0,,18.5,0.0,0,0,0.1,0.1,0.1,-0.1,-0.1,Partidos
322,Fabrizio Angileri,ar ARG,"DF,CC",29-365,1.1,0,0,0,,0.0,0.0,,,,0.0,0,0,0.0,0.0,,0.0,0.0,Partidos
323,Portu,es ESP,DL,31-298,1.1,0,1,1,100.0,0.93,0.93,0.0,0.0,8.5,0.0,0,0,0.2,0.2,0.16,-0.2,-0.2,Partidos
324,Anthony Lozano,hn HON,"CC,DL",30-324,1.0,0,4,0,0.0,3.91,0.0,0.0,,15.2,0.0,0,0,0.2,0.2,0.05,-0.2,-0.2,Partidos
325,Santiago García,,DL,22-198,0.3,0,0,0,,0.0,0.0,,,,0.0,0,0,0.0,0.0,,0.0,0.0,Partidos
326,Gorka Rivera Alonso,es ESP,DF,19-226,0.0,0,0,0,,0.0,0.0,,,,0.0,0,0,0.0,0.0,,0.0,0.0,Partidos
327,Total del equipo,,,28.3,28.0,36,319,110,34.5,11.39,3.93,0.09,0.27,18.0,5.0,6,6,33.6,28.9,0.09,2.4,1.1,
328,Total del oponente,,,27.8,28.0,42,341,130,38.1,12.18,4.64,0.11,0.29,18.1,10.0,4,6,40.7,36.0,0.11,1.3,2.0,
329,Antonio Sivera,es ESP,PO,27-216,28.0,0,0,0,,0.0,0.0,,,,0.0,0,0,0.0,0.0,,0.0,0.0,Partidos
330,Ander Guevara,es ESP,CC,26-251,26.4,1,16,2,12.5,0.61,0.08,0.06,0.5,23.2,0.0,0,0,0.7,0.7,0.04,0.3,0.3,Partidos
331,Luis Rioja,es ESP,"DL,CC",30-150,24.4,4,45,12,26.7,1.85,0.49,0.02,0.08,21.6,4.0,3,3,5.0,2.6,0.06,-1.0,-1.6,Partidos
332,Andoni Gorosabel,es ESP,DF,27-223,25.6,1,12,6,50.0,0.47,0.23,0.08,0.17,21.9,0.0,0,0,0.7,0.7,0.06,0.3,0.3,Partidos
333,Jon Guridi,es ESP,CC,29-015,22.4,0,27,3,11.1,1.21,0.13,0.0,0.0,13.3,0.0,0,0,2.4,2.4,0.09,-2.4,-2.4,Partidos
334,Rafa Marín,es ESP,DF,21-300,20.2,0,10,2,20.0,0.49,0.1,0.0,0.0,14.6,0.0,0,0,0.4,0.4,0.04,-0.4,-0.4,Partidos
335,Antonio Blanco,es ESP,CC,23-235,19.5,0,18,3,16.7,0.92,0.15,0.0,0.0,25.9,0.0,0,0,0.8,0.8,0.04,-0.8,-0.8,Partidos
336,Abdel Abqar,ma MAR,DF,25-004,18.2,0,8,2,25.0,0.44,0.11,0.0,0.0,12.1,0.0,0,0,0.3,0.3,0.04,-0.3,-0.3,Partidos
337,Javi López,es ESP,DF,22-073,18.8,0,12,0,0.0,0.64,0.0,0.0,,20.0,0.0,0,0,0.5,0.5,0.05,-0.5,-0.5,Partidos
338,Samuel Omorodion,es ESP,DL,19-314,17.1,8,55,20,36.4,3.21,1.17,0.15,0.4,13.9,0.0,0,0,9.7,9.7,0.18,-1.7,-1.7,Partidos
339,Rubén Duarte,es ESP,DF,28-148,16.0,2,13,4,30.8,0.81,0.25,0.15,0.5,23.3,2.0,0,0,0.6,0.6,0.05,1.4,1.4,Partidos
340,Alex Sola,es ESP,"DL,CC",24-279,11.7,0,25,5,20.0,2.14,0.43,0.0,0.0,17.1,2.0,0,0,1.5,1.5,0.06,-1.5,-1.5,Partidos
341,Aleksandar Sedlar,rs SRB,DF,32-092,10.5,1,4,1,25.0,0.38,0.1,0.25,1.0,10.7,0.0,0,0,0.3,0.3,0.07,0.7,0.7,Partidos
342,Kiké,es ESP,"DL,CC",34-110,11.2,3,42,17,40.5,3.76,1.52,0.07,0.18,13.3,0.0,0,1,5.6,4.8,0.11,-2.6,-1.8,Partidos
343,Abderrahman Rebbach,dz ALG,"DL,CC",25-216,7.0,1,16,4,25.0,2.27,0.57,0.06,0.25,18.7,1.0,0,0,0.8,0.8,0.05,0.2,0.2,Partidos
344,Ianis Hagi,ro ROU,"CC,DL",25-144,6.4,0,20,5,25.0,3.11,0.78,0.0,0.0,20.0,4.0,0,1,2.6,1.8,0.09,-2.6,-1.8,Partidos
345,Carlos Benavídez,uy URU,CC,25-350,7.4,1,7,3,42.9,0.94,0.4,0.14,0.33,20.9,0.0,0,0,0.5,0.5,0.08,0.5,0.5,Partidos
346,Nahuel Tenaglia,ar ARG,DF,28-022,6.2,1,4,1,25.0,0.65,0.16,0.25,1.0,15.7,0.0,0,0,0.5,0.5,0.12,0.5,0.5,Partidos
347,Carlos Vicente,es ESP,"DL,CC",24-326,5.4,0,8,2,25.0,1.48,0.37,0.0,0.0,13.9,1.0,0,0,0.9,0.9,0.11,-0.9,-0.9,Partidos
348,Xeber,es ESP,"DL,CC",26-262,3.0,0,5,0,0.0,1.65,0.0,0.0,,16.4,0.0,0,0,0.4,0.4,0.07,-0.4,-0.4,Partidos
349,Miguel,es ESP,"DL,CC",24-193,0.7,0,2,1,50.0,2.77,1.38,0.0,0.0,19.6,0.0,0,0,0.1,0.1,0.05,-0.1,-0.1,Partidos
350,Giuliano Simeone,ar ARG,DL,21-087,0.8,0,0,0,,0.0,0.0,,,,0.0,0,0,0.0,0.0,,0.0,0.0,Partidos
351,Mamadou Sylla,sn SEN,"DL,CC",29-360,0.2,0,0,0,,0.0,0.0,,,,0.0,0,0,0.0,0.0,,0.0,0.0,Partidos
352,Jon Karrikaburu,es ESP,"CC,DL",21-177,0.2,0,0,0,,0.0,0.0,,,,0.0,0,0,0.0,0.0,,0.0,0.0,Partidos
353,Tomás Mendes,es ESP,CC,19-114,0.1,0,0,0,,0.0,0.0,,,,0.0,0,0,0.0,0.0,,0.0,0.0,Partidos
354,Unai Ropero,es ESP,CC,22-115,0.1,0,0,0,,0.0,0.0,,,,0.0,0,0,0.0,0.0,,0.0,0.0,Partidos
355,Joaquín Panichelli,ar ARG,DL,21-159,0.0,0,0,0,,0.0,0.0,,,,0.0,0,0,0.0,0.0,,0.0,0.0,Partidos
356,Victor Parada,es ESP,"DL,CC",21-345,0.0,0,0,0,,0.0,0.0,,,,0.0,0,0,0.0,0.0,,0.0,0.0,Partidos
357,Total del equipo,,,26.4,28.0,23,349,93,26.6,12.46,3.32,0.06,0.22,17.6,14.0,3,5,34.1,30.1,0.09,-11.1,-10.1,
358,Total del oponente,,,28.1,28.0,31,320,101,31.6,11.43,3.61,0.08,0.24,17.9,12.0,7,7,33.0,27.5,0.09,-2.0,-3.5,
359,Lucas Ocampos,ar ARG,"DL,CC",29-247,23.0,4,51,20,39.2,2.22,0.87,0.06,0.15,16.0,0.0,1,1,4.2,3.4,0.07,-0.2,-0.4,Partidos
360,Loïc Bade,fr FRA,DF,23-338,18.0,0,12,3,25.0,0.67,0.17,0.0,0.0,13.5,0.0,0,0,0.7,0.7,0.06,-0.7,-0.7,Partidos
361,Youssef En-Nesyri,ma MAR,DL,26-287,19.0,9,48,21,43.8,2.53,1.11,0.19,0.43,11.4,0.0,0,0,6.4,6.4,0.13,2.6,2.6,Partidos
362,Sergio Ramos,es ESP,DF,37-350,18.0,2,19,8,42.1,1.06,0.45,0.11,0.25,16.3,3.0,0,0,1.1,1.1,0.06,0.9,0.9,Partidos
363,Djibril Sow,ch SUI,CC,27-037,16.1,1,18,5,27.8,1.12,0.31,0.06,0.2,17.7,0.0,0,0,1.5,1.5,0.08,-0.5,-0.5,Partidos
364,Jesús Navas,es ESP,DF,38-114,16.0,0,5,1,20.0,0.31,0.06,0.0,0.0,24.1,0.0,0,0,0.1,0.1,0.02,-0.1,-0.1,Partidos
365,Boubakary Soumaré,fr FRA,CC,25-016,16.4,0,1,0,0.0,0.06,0.0,0.0,,19.6,0.0,0,0,0.0,0.0,0.02,0.0,0.0,Partidos
366,Ivan Rakitić,hr CRO,CC,36-004,15.8,2,32,7,21.9,2.02,0.44,0.06,0.29,26.9,3.0,0,0,1.3,1.3,0.04,0.7,0.7,Partidos
367,Nemanja Gudelj,rs SRB,DF,32-119,15.5,1,19,3,15.8,1.22,0.19,0.05,0.33,24.1,4.0,0,0,0.8,0.8,0.04,0.2,0.2,Partidos
368,Óliver Torres,es ESP,CC,29-125,14.4,0,7,3,42.9,0.49,0.21,0.0,0.0,19.7,0.0,0,0,0.4,0.4,0.06,-0.4,-0.4,Partidos
369,Ørjan Nyland,no NOR,PO,33-186,14.0,0,0,0,,0.0,0.0,,,,0.0,0,0,0.0,0.0,,0.0,0.0,Partidos
370,Adrià Pedrosa,es ESP,DF,25-306,16.4,1,13,2,15.4,0.79,0.12,0.08,0.5,23.0,0.0,0,0,0.5,0.5,0.04,0.5,0.5,Partidos
371,Suso,es ESP,"CC,DL",30-116,13.6,1,24,6,25.0,1.77,0.44,0.04,0.17,24.8,1.0,0,0,1.2,1.2,0.05,-0.2,-0.2,Partidos
372,Marko Dmitrović,rs SRB,PO,32-050,13.0,0,0,0,,0.0,0.0,,,,0.0,0,0,0.0,0.0,,0.0,0.0,Partidos
373,Kike Salas,es ESP,DF,21-326,10.1,2,11,4,36.4,1.09,0.4,0.18,0.5,10.6,0.0,0,0,0.6,0.6,0.06,1.4,1.4,Partidos
374,Marcos Acuña,ar ARG,DF,32-138,8.1,0,7,3,42.9,0.86,0.37,0.0,0.0,31.2,0.0,0,0,0.2,0.2,0.03,-0.2,-0.2,Partidos
375,Juanlu Sánchez,es ESP,DF,20-212,11.3,0,10,1,10.0,0.88,0.09,0.0,0.0,20.6,0.0,0,0,0.4,0.4,0.04,-0.4,-0.4,Partidos
376,Dodi Lukebakio,be BEL,DL,26-172,8.4,3,26,9,34.6,3.08,1.07,0.12,0.33,14.7,1.0,0,0,2.8,2.8,0.11,0.2,0.2,Partidos
377,Isaac Bernal,es ESP,DL,23-301,7.7,3,27,13,48.1,3.52,1.69,0.11,0.23,,,0,0,,,,,,Partidos
378,Fernando,br BRA,CC,36-233,5.1,0,1,0,0.0,0.2,0.0,0.0,,16.2,0.0,0,0,0.0,0.0,0.02,0.0,0.0,Partidos
379,Érik Lamela,ar ARG,"DL,CC",32-010,4.2,2,8,4,50.0,1.89,0.94,0.25,0.5,13.8,0.0,0,0,0.9,0.9,0.11,1.1,1.1,Partidos
380,Joan Jordán,es ESP,CC,29-252,3.9,0,5,1,20.0,1.3,0.26,0.0,0.0,24.0,1.0,0,0,0.2,0.2,0.03,-0.2,-0.2,Partidos
381,Rafa Mir,es ESP,"DL,CC",26-270,4.3,2,15,7,46.7,3.45,1.61,0.13,0.29,16.9,0.0,0,0,1.4,1.4,0.1,0.6,0.6,Partidos
382,Marcão,br BRA,DF,27-283,3.4,0,0,0,,0.0,0.0,,,,0.0,0,0,0.0,0.0,,0.0,0.0,Partidos
383,Mariano,do DOM,DL,30-226,2.4,0,10,1,10.0,4.11,0.41,0.0,0.0,13.9,0.0,0,0,0.9,0.9,0.09,-0.9,-0.9,Partidos
384,Tanguy Nianzou,fr FRA,DF,21-281,2.3,0,1,0,0.0,0.43,0.0,0.0,,12.9,0.0,0,0,0.0,0.0,0.03,0.0,0.0,Partidos
385,Lucien Agoume,fr FRA,CC,22-034,1.7,0,1,0,0.0,0.59,0.0,0.0,,26.5,0.0,0,0,0.0,0.0,0.03,0.0,0.0,Partidos
386,Hannibal Mejbri,tn TUN,CC,21-053,1.0,0,1,0,0.0,0.99,0.0,0.0,,24.9,0.0,0,0,0.0,0.0,0.01,0.0,0.0,Partidos
387,Yassine Bounou,ma MAR,PO,32-344,1.0,0,0,0,,0.0,0.0,,,,0.0,0,0,0.0,0.0,,0.0,0.0,Partidos
388,Adnan Januzaj,be BEL,"DL,CC",29-038,2.1,0,6,1,16.7,2.8,0.47,0.0,0.0,16.8,0.0,0,0,0.6,0.6,0.1,-0.6,-0.6,Partidos
389,Diego Iturralde,es ESP,DF,20-333,0.4,0,0,0,,0.0,0.0,,,,0.0,0,0,0.0,0.0,,0.0,0.0,Partidos
390,Alejo Véliz,ar ARG,DL,20-177,0.3,0,1,1,100.0,3.46,3.46,0.0,0.0,9.8,0.0,0,0,0.0,0.0,0.04,0.0,0.0,Partidos
391,Manuel Sebastián,es ESP,CC,19-231,0.2,0,0,0,,0.0,0.0,,,,0.0,0,0,0.0,0.0,,0.0,0.0,Partidos
392,Jesús Corona,mx MEX,"CC,DF",31-068,0.2,0,0,0,,0.0,0.0,,,,0.0,0,0,0.0,0.0,,0.0,0.0,Partidos
393,Federico Gattoni,ar ARG,"DF,DL",25-027,0.1,0,0,0,,0.0,0.0,,,,0.0,0,0,0.0,0.0,,0.0,0.0,Partidos
394,Total del equipo,,,29.4,28.0,33,379,124,32.7,13.54,4.43,0.08,0.26,16.8,13.0,1,1,30.9,30.1,0.07,2.1,1.9,
395,Total del oponente,,,27.9,28.0,40,355,121,34.1,12.68,4.32,0.1,0.3,17.4,14.0,4,4,41.2,38.1,0.11,-1.2,-2.1,
396,Predrag Rajković,rs SRB,PO,28-135,28.0,0,0,0,,0.0,0.0,,,,0.0,0,0,0.0,0.0,,0.0,0.0,Partidos
397,Dani Rodríguez,es ESP,CC,35-282,22.1,2,24,4,16.7,1.09,0.18,0.08,0.5,20.3,0.0,0,0,1.2,1.2,0.05,0.8,0.8,Partidos
398,Martin Valjent,sk SVK,DF,28-094,20.5,0,5,0,0.0,0.24,0.0,0.0,,20.2,0.0,0,0,0.2,0.2,0.03,-0.2,-0.2,Partidos
399,Samu Costa,pt POR,CC,23-108,20.9,1,19,3,15.8,0.91,0.14,0.05,0.33,20.0,1.0,0,0,1.0,1.0,0.05,0.0,0.0,Partidos
400,Giovanni González,uy URU,DF,29-176,20.3,0,9,2,22.2,0.44,0.1,0.0,0.0,24.7,0.0,0,0,0.2,0.2,0.03,-0.2,-0.2,Partidos
401,Matija Nastasić,rs SRB,DF,30-352,19.1,2,6,2,33.3,0.31,0.1,0.33,1.0,8.1,0.0,0,0,0.9,0.9,0.15,1.1,1.1,Partidos
402,Vedat Muriqi,xk KVX,DL,29-325,17.7,5,39,15,38.5,2.2,0.85,0.1,0.27,14.1,0.0,1,3,6.8,4.4,0.11,-1.8,-0.4,Partidos
403,Antonio Sánchez,es ESP,CC,27-073,12.7,3,21,9,42.9,1.65,0.71,0.14,0.33,19.6,0.0,0,0,2.5,2.5,0.12,0.5,0.5,Partidos
404,Sergi Darder,es ESP,CC,30-083,18.1,0,19,5,26.3,1.05,0.28,0.0,0.0,21.7,0.0,0,0,1.1,1.1,0.06,-1.1,-1.1,Partidos
405,Antonio Raillo,es ESP,DF,32-158,15.4,2,19,4,21.1,1.23,0.26,0.11,0.5,18.1,0.0,0,0,1.0,1.0,0.05,1.0,1.0,Partidos
406,Cyle Larin,ca CAN,DL,28-332,15.5,2,57,21,36.8,3.67,1.35,0.04,0.1,12.5,0.0,0,0,7.3,7.3,0.13,-5.3,-5.3,Partidos
407,Jaume Costa,es ESP,DF,35-362,13.9,0,4,1,25.0,0.29,0.07,0.0,0.0,17.7,0.0,0,0,0.2,0.2,0.04,-0.2,-0.2,Partidos
408,Pablo Maffeo,es ESP,DF,26-246,12.5,0,9,3,33.3,0.72,0.24,0.0,0.0,25.6,0.0,0,0,0.6,0.6,0.06,-0.6,-0.6,Partidos
409,Toni Lato,es ESP,DF,26-114,12.9,0,4,0,0.0,0.31,0.0,0.0,,18.6,0.0,0,0,0.1,0.1,0.03,-0.1,-0.1,Partidos
410,Manu Morlanes,es ESP,CC,25-062,12.7,0,10,3,30.0,0.79,0.24,0.0,0.0,16.2,0.0,0,0,0.8,0.8,0.08,-0.8,-0.8,Partidos
411,Omar Mascarell,es ESP,CC,31-041,11.7,0,4,0,0.0,0.34,0.0,0.0,,20.8,0.0,0,0,0.2,0.2,0.06,-0.2,-0.2,Partidos
412,Copete,es ESP,DF,24-156,10.4,1,5,1,20.0,0.48,0.1,0.2,1.0,14.5,0.0,0,0,0.4,0.4,0.08,0.6,0.6,Partidos
413,Abdón Prats,es ESP,DL,31-098,10.4,5,22,8,36.4,2.11,0.77,0.23,0.63,15.2,2.0,0,0,2.5,2.5,0.11,2.5,2.5,Partidos
414,Siebe Van Der Heyden,be BEL,DF,25-289,3.2,0,2,0,0.0,0.63,0.0,0.0,,9.8,0.0,0,0,0.2,0.2,0.08,-0.2,-0.2,Partidos
415,Amath,sn SEN,"DL,CC",27-242,4.4,0,12,2,16.7,2.74,0.46,0.0,0.0,14.1,0.0,0,0,1.6,1.6,0.13,-1.6,-1.6,Partidos
416,Nacho Vidal,es ESP,DF,29-050,1.9,0,1,1,100.0,0.52,0.52,0.0,0.0,10.8,0.0,0,0,0.1,0.1,0.11,-0.1,-0.1,Partidos
417,Nemanja Radonjić,rs SRB,CC,28-028,0.9,0,4,3,75.0,4.5,3.38,0.0,0.0,18.9,0.0,0,0,1.1,1.1,0.29,-1.1,-1.1,Partidos
418,Javier Llabrés,es ESP,"CC,DL",21-185,1.9,1,6,2,33.3,3.12,1.04,0.17,0.5,16.2,0.0,0,0,0.6,0.6,0.1,0.4,0.4,Partidos
419,Total del equipo,,,29.2,28.0,24,301,89,29.6,10.75,3.18,0.08,0.26,16.8,3.0,1,3,29.9,27.7,0.09,-5.9,-4.7,
420,Total del oponente,,,27.6,28.0,35,366,104,28.4,13.07,3.71,0.08,0.3,19.3,24.0,4,5,35.3,31.3,0.09,-0.3,-0.3,
421,Stole Dimitrievski,mk MKD,PO,30-080,28.0,0,0,0,,0.0,0.0,,,,0.0,0,0,0.0,0.0,,0.0,0.0,Partidos
422,Florian Lejeune,fr FRA,DF,32-299,28.0,1,43,12,27.9,1.54,0.43,0.02,0.08,26.8,18.0,0,0,2.0,2.0,0.05,-1.0,-1.0,Partidos
423,Alfonso Espino,uy URU,DF,32-069,24.1,0,14,4,28.6,0.58,0.17,0.0,0.0,21.0,0.0,0,0,0.9,0.9,0.06,-0.9,-0.9,Partidos
424,Isaac Palazón Camacho,es ESP,"CC,DL",29-078,23.2,3,50,24,48.0,2.16,1.03,0.02,0.04,23.1,3.0,2,2,4.5,3.0,0.06,-1.5,-2.0,Partidos
425,Iván Balliu,al ALB,DF,32-073,24.0,0,9,4,44.4,0.37,0.17,0.0,0.0,16.7,0.0,0,0,0.6,0.6,0.07,-0.6,-0.6,Partidos
426,Óscar Valentín,es ESP,CC,29-207,23.0,1,12,6,50.0,0.52,0.26,0.08,0.17,10.9,0.0,0,0,1.3,1.3,0.11,-0.3,-0.3,Partidos
427,Álvaro García,es ESP,"DL,CC",31-139,21.9,6,32,13,40.6,1.46,0.59,0.19,0.46,16.8,0.0,0,0,4.2,4.2,0.13,1.8,1.8,Partidos
428,Unai López,es ESP,CC,28-136,16.9,1,21,4,19.0,1.24,0.24,0.05,0.25,26.7,3.0,0,0,0.9,0.9,0.04,0.1,0.1,Partidos
429,Aridane Hernández,es ESP,DF,34-357,17.8,0,4,0,0.0,0.23,0.0,0.0,,17.5,0.0,0,0,0.2,0.2,0.06,-0.2,-0.2,Partidos
430,Raúl de Tomás,es ESP,DL,29-149,12.6,1,31,9,29.0,2.46,0.71,0.0,0.0,19.0,2.0,1,1,2.8,2.1,0.07,-1.8,-2.1,Partidos
431,Sergio Camello,es ESP,DL,23-033,12.5,2,20,8,40.0,1.59,0.64,0.1,0.25,17.0,0.0,0,0,3.0,3.0,0.15,-1.0,-1.0,Partidos
432,Óscar Trejo,ar ARG,"DL,CC",35-323,11.2,0,12,2,16.7,1.07,0.18,0.0,0.0,19.2,0.0,0,0,0.7,0.7,0.06,-0.7,-0.7,Partidos
433,Pathé Ciss,sn SEN,CC,29-364,13.4,1,18,6,33.3,1.35,0.45,0.06,0.17,21.8,0.0,0,0,1.4,1.4,0.08,-0.4,-0.4,Partidos
434,Abdul Mumin,gh GHA,DF,25-282,9.8,1,2,1,50.0,0.2,0.1,0.5,1.0,9.3,0.0,0,0,0.3,0.3,0.14,0.7,0.7,Partidos
435,Kike Pérez,es ESP,"CC,DL",27-029,9.1,1,13,5,38.5,1.43,0.55,0.08,0.2,18.7,1.0,0,0,1.9,1.9,0.14,-0.9,-0.9,Partidos
436,Jorge de Frutos,es ESP,"CC,DL",27-023,9.7,1,15,6,40.0,1.54,0.62,0.07,0.17,17.8,0.0,0,0,1.8,1.8,0.12,-0.8,-0.8,Partidos
437,Pep Chavarría,es ESP,"DF,CC",25-339,6.4,0,7,0,0.0,1.1,0.0,0.0,,18.1,0.0,0,0,0.7,0.7,0.1,-0.7,-0.7,Partidos
438,Andrei Ratiu,ro ROU,DF,25-268,3.6,0,3,1,33.3,0.83,0.28,0.0,0.0,17.6,0.0,0,0,0.1,0.1,0.03,-0.1,-0.1,Partidos
439,Randy Ntekja,fr FRA,"DL,CC",26-099,5.2,1,9,3,33.3,1.73,0.58,0.0,0.0,18.9,0.0,1,1,1.6,0.8,0.09,-0.6,-0.8,Partidos
440,Crespo,pt POR,CC,27-185,2.6,0,0,0,,0.0,0.0,,,,0.0,0,0,0.0,0.0,,0.0,0.0,Partidos
441,Radamel Falcao,co COL,"DL,DF",38-033,2.6,1,8,3,37.5,3.06,1.15,0.0,0.0,13.9,0.0,1,1,2.1,1.3,0.17,-1.1,-1.3,Partidos
442,Bebé,cv CPV,"CC,DL",33-246,1.6,2,10,3,30.0,6.21,1.86,0.1,0.33,31.2,1.0,1,1,1.3,0.5,0.05,0.7,0.5,Partidos
443,Salvi,es ESP,CC,32-350,0.3,0,0,0,,0.0,0.0,,,,0.0,0,0,0.0,0.0,,0.0,0.0,Partidos
444,José Pozo,es ESP,"CC,DL",27-365,0.1,0,0,0,,0.0,0.0,,,,0.0,0,0,0.0,0.0,,0.0,0.0,Partidos
445,Diego Méndez,es ESP,CC,20-198,0.1,0,0,0,,0.0,0.0,,,,0.0,0,0,0.0,0.0,,0.0,0.0,Partidos
446,Total del equipo,,,30.3,28.0,23,333,114,34.2,11.89,4.07,0.05,0.15,20.7,28.0,6,6,31.8,27.1,0.08,-8.8,-10.1,
447,Total del oponente,,,27.7,28.0,36,338,124,36.7,12.07,4.43,0.1,0.28,17.0,8.0,1,2,35.8,34.2,0.1,0.2,0.8,
448,Jørgen Strand Larsen,no NOR,DL,24-037,24.7,9,61,24,39.3,2.47,0.97,0.15,0.38,11.8,0.0,0,0,9.3,9.3,0.15,-0.3,-0.3,Partidos
449,Unai Núñez,es ESP,DF,27-044,27.5,1,20,5,25.0,0.73,0.18,0.05,0.2,14.6,1.0,0,0,1.3,1.3,0.07,-0.3,-0.3,Partidos
450,Óscar Mingueza,es ESP,"DF,CC",24-306,23.8,2,23,11,47.8,0.97,0.46,0.09,0.18,19.3,0.0,0,0,2.2,2.2,0.1,-0.2,-0.2,Partidos
451,Iago Aspas,es ESP,DL,36-226,20.9,5,57,17,29.8,2.73,0.81,0.07,0.24,20.1,6.0,1,3,7.4,5.0,0.09,-2.4,-1.0,Partidos
452,Luca de la Torre,us USA,CC,25-296,20.1,1,21,7,33.3,1.04,0.35,0.05,0.14,16.2,0.0,0,0,1.9,1.9,0.09,-0.9,-0.9,Partidos
453,Carl Starfelt,se SWE,DF,28-287,19.9,1,12,5,41.7,0.6,0.25,0.08,0.2,8.5,0.0,0,0,1.4,1.4,0.12,-0.4,-0.4,Partidos
454,Fran Beltrán,es ESP,CC,25-040,17.9,0,11,1,9.1,0.61,0.06,0.0,0.0,27.3,0.0,0,0,0.4,0.4,0.03,-0.4,-0.4,Partidos
455,Jonathan Bamba,ci CIV,"CC,DL",27-354,17.3,2,35,12,34.3,2.03,0.69,0.06,0.17,19.1,0.0,0,0,2.6,2.6,0.08,-0.6,-0.6,Partidos
456,Vicente Guaita,es ESP,PO,37-064,18.7,0,0,0,,0.0,0.0,,,,0.0,0,0,0.0,0.0,,0.0,0.0,Partidos
457,Manu Sánchez,es ESP,DF,23-203,17.6,0,9,1,11.1,0.51,0.06,0.0,0.0,18.6,0.0,0,0,0.5,0.5,0.05,-0.5,-0.5,Partidos
458,Renato Tapia,pe PER,"CC,DF",28-230,13.6,0,18,1,5.6,1.33,0.07,0.0,0.0,21.4,2.0,0,0,0.8,0.8,0.04,-0.8,-0.8,Partidos
459,Carlos Dominguez,es ESP,DF,23-032,11.2,0,3,0,0.0,0.27,0.0,0.0,,18.7,0.0,0,0,0.1,0.1,0.04,-0.1,-0.1,Partidos
460,Iván Villar,es ESP,PO,26-249,9.3,0,0,0,,0.0,0.0,,,,0.0,0,0,0.0,0.0,,0.0,0.0,Partidos
461,Mihailo Ristić,rs SRB,"DF,CC",28-135,8.5,0,9,4,44.4,1.06,0.47,0.0,0.0,23.2,1.0,0,0,0.3,0.3,0.04,-0.3,-0.3,Partidos
462,Kevin Vázquez,es ESP,DF,30-357,7.0,0,2,1,50.0,0.29,0.14,0.0,0.0,20.8,0.0,0,0,0.0,0.0,0.02,0.0,0.0,Partidos
463,Carlos Dotor,es ESP,CC,22-365,7.7,0,4,0,0.0,0.52,0.0,0.0,,22.9,0.0,0,0,0.2,0.2,0.04,-0.2,-0.2,Partidos
464,Anastasios Douvikas,gr GRE,DL,24-225,7.5,4,19,11,57.9,2.54,1.47,0.21,0.36,14.1,0.0,0,0,3.2,3.2,0.17,0.8,0.8,Partidos
465,Franco Cervi,ar ARG,"CC,DF",29-293,5.3,0,5,1,20.0,0.94,0.19,0.0,0.0,23.6,0.0,0,0,0.2,0.2,0.05,-0.2,-0.2,Partidos
466,Javier Manquillo,es ESP,"DF,CC",29-314,4.6,0,1,0,0.0,0.22,0.0,0.0,,13.5,0.0,0,0,0.1,0.1,0.11,-0.1,-0.1,Partidos
467,Carles Pérez,es ESP,"CC,DL",26-027,4.9,0,11,1,9.1,2.24,0.2,0.0,0.0,22.0,2.0,0,0,0.5,0.5,0.05,-0.5,-0.5,Partidos
468,Joseph Aidoo,gh GHA,DF,28-167,4.5,0,3,0,0.0,0.66,0.0,0.0,,15.8,0.0,0,0,0.1,0.1,0.03,-0.1,-0.1,Partidos
469,Hugo Sotelo,es ESP,CC,20-086,3.7,0,4,1,25.0,1.07,0.27,0.0,0.0,25.4,1.0,0,0,0.2,0.2,0.04,-0.2,-0.2,Partidos
470,Jailson Siqueira,br BRA,"CC,DF",28-189,3.4,0,1,1,100.0,0.29,0.29,0.0,0.0,28.5,0.0,0,0,0.0,0.0,0.03,0.0,0.0,Partidos
471,Tadeo Allende,ar ARG,"CC,DL",25-023,2.8,1,6,1,16.7,2.18,0.36,0.17,1.0,21.0,0.0,0,0,0.6,0.6,0.1,0.4,0.4,Partidos
472,Miguel Rodríguez,es ESP,CC,20-320,2.1,0,4,0,0.0,1.89,0.0,0.0,,26.7,0.0,0,0,0.1,0.1,0.03,-0.1,-0.1,Partidos
473,Williot Swedberg,se SWE,"CC,DL",20-042,1.5,3,5,3,60.0,3.38,2.03,0.6,1.0,13.1,0.0,0,0,1.4,1.4,0.28,1.6,1.6,Partidos
474,Hugo Álvarez,es ESP,CC,20-256,0.4,0,1,0,0.0,2.43,0.0,0.0,,11.6,0.0,0,0,0.1,0.1,0.07,-0.1,-0.1,Partidos
475,Gabriel Veiga,es ESP,DL,21-292,0.2,0,0,0,,0.0,0.0,,,,0.0,0,0,0.0,0.0,,0.0,0.0,Partidos
476,Total del equipo,,,27.5,28.0,29,345,108,31.3,12.32,3.86,0.08,0.26,17.7,13.0,1,3,34.3,32.1,0.09,-5.3,-4.1,
477,Total del oponente,,,27.8,28.0,41,351,120,34.2,12.54,4.29,0.1,0.3,16.5,11.0,5,6,41.6,36.9,0.11,-0.6,-0.9,
478,Rubén Alcaraz,es ESP,CC,32-318,24.8,2,32,6,18.8,1.29,0.24,0.03,0.17,23.8,7.0,1,1,2.0,1.3,0.04,0.0,-0.3,Partidos
479,Jeremías Ledesma,ar ARG,PO,31-030,24.9,0,0,0,,0.0,0.0,,,,0.0,0,0,0.0,0.0,,0.0,0.0,Partidos
480,Isaac Carcelen,es ESP,DF,30-326,23.3,0,7,2,28.6,0.3,0.09,0.0,0.0,20.4,1.0,0,0,0.5,0.5,0.07,-0.5,-0.5,Partidos
481,Chris Ramos,es ESP,"DL,CC",27-056,22.0,5,52,17,32.7,2.36,0.77,0.1,0.29,11.9,0.0,0,0,5.8,5.8,0.11,-0.8,-0.8,Partidos
482,Fali,es ESP,DF,30-215,21.6,0,8,2,25.0,0.37,0.09,0.0,0.0,17.9,0.0,0,0,0.6,0.6,0.07,-0.6,-0.6,Partidos
483,Javi Hernández,es ESP,DF,25-317,19.5,1,20,5,25.0,1.02,0.26,0.05,0.2,22.9,5.0,0,0,1.0,1.0,0.05,0.0,0.0,Partidos
484,Iván Alejo,es ESP,CC,29-033,17.4,0,10,2,20.0,0.58,0.12,0.0,0.0,22.3,0.0,0,0,0.5,0.5,0.05,-0.5,-0.5,Partidos
485,Roberto Navarro,es ESP,CC,21-337,12.2,0,15,3,20.0,1.23,0.25,0.0,0.0,17.4,0.0,0,0,1.2,1.2,0.08,-1.2,-1.2,Partidos
486,Roger Martí,es ESP,DL,33-071,11.6,2,22,9,40.9,1.89,0.78,0.09,0.22,15.6,0.0,0,0,2.2,2.2,0.1,-0.2,-0.2,Partidos
487,Gonzalo Escalante,ar ARG,CC,30-353,13.7,0,8,1,12.5,0.59,0.07,0.0,0.0,19.1,0.0,0,0,0.7,0.7,0.09,-0.7,-0.7,Partidos
488,Víctor Chust,es ESP,DF,24-009,12.0,0,2,0,0.0,0.17,0.0,0.0,,10.8,0.0,0,0,0.1,0.1,0.05,-0.1,-0.1,Partidos
489,Lucas,br BRA,DF,22-356,13.9,1,9,3,33.3,0.65,0.22,0.11,0.33,21.5,3.0,0,0,0.7,0.7,0.08,0.3,0.3,Partidos
490,Rubén Sobrino,es ESP,"CC,DL",31-287,12.3,0,12,2,16.7,0.98,0.16,0.0,0.0,18.3,0.0,0,0,0.9,0.9,0.08,-0.9,-0.9,Partidos
491,Maxi Gómez,uy URU,DL,27-213,10.6,0,13,6,46.2,1.23,0.57,0.0,0.0,15.2,1.0,0,0,1.5,1.5,0.11,-1.5,-1.5,Partidos
492,Darwin Machís,ve VEN,CC,31-036,8.3,4,19,9,47.4,2.28,1.08,0.16,0.33,24.0,1.0,1,1,1.4,0.6,0.03,2.6,2.4,Partidos
493,Álex Fernández,es ESP,"CC,DL",31-151,10.0,0,6,1,16.7,0.6,0.1,0.0,0.0,23.1,0.0,0,0,0.3,0.3,0.04,-0.3,-0.3,Partidos
494,Luis Hernández,es ESP,DF,34-335,8.0,1,1,1,100.0,0.12,0.12,1.0,1.0,2.2,0.0,0,0,1.0,1.0,0.95,0.0,0.0,Partidos
495,Jorge Meré,es ESP,DF,26-332,7.5,0,4,1,25.0,0.53,0.13,0.0,0.0,18.2,0.0,0,0,0.2,0.2,0.04,-0.2,-0.2,Partidos
496,Rominigue Kouamé,ml MLI,CC,27-088,7.6,0,3,0,0.0,0.39,0.0,0.0,,24.5,0.0,0,0,0.1,0.1,0.03,-0.1,-0.1,Partidos
497,Juanmi,es ESP,DL,30-299,4.2,3,9,5,55.6,2.14,1.19,0.33,0.6,12.4,0.0,0,0,2.2,2.2,0.24,0.8,0.8,Partidos
498,Joseba Zaldúa,es ESP,"DF,CC",31-264,3.6,0,0,0,,0.0,0.0,,,,0.0,0,0,0.0,0.0,,0.0,0.0,Partidos
499,David Gil,es ESP,PO,30-063,3.1,0,0,0,,0.0,0.0,,,,0.0,0,0,0.0,0.0,,0.0,0.0,Partidos
500,Fede San Emeterio,es ESP,CC,26-364,1.7,1,1,1,100.0,0.59,0.59,1.0,1.0,5.0,0.0,0,0,0.1,0.1,0.06,0.9,0.9,Partidos
501,Mamadou Mbaye,sn SEN,DF,25-260,3.2,0,2,1,50.0,0.62,0.31,0.0,0.0,7.9,0.0,0,0,0.3,0.3,0.17,-0.3,-0.3,Partidos
502,Sergi Guardiola,es ESP,"DL,CC",32-290,4.1,0,10,3,30.0,2.45,0.73,0.0,0.0,18.0,0.0,0,0,1.1,1.1,0.11,-1.1,-1.1,Partidos
503,Aiham Ousou,sy SYR,DF,24-065,1.0,0,0,0,,0.0,0.0,,,,0.0,0,0,0.0,0.0,,0.0,0.0,Partidos
504,Brian Ocampo,uy URU,CC,24-263,1.5,0,3,1,33.3,1.94,0.65,0.0,0.0,22.0,0.0,0,0,0.2,0.2,0.07,-0.2,-0.2,Partidos
505,Álvaro Negredo,es ESP,"DL,CC",38-207,0.6,0,3,1,33.3,5.0,1.67,0.0,0.0,29.1,1.0,0,0,0.1,0.1,0.03,-0.1,-0.1,Partidos
506,Diadie Samassékou,ml MLI,CC,28-063,0.6,0,0,0,,0.0,0.0,,,,0.0,0,0,0.0,0.0,,0.0,0.0,Partidos
507,Karl Etta,cm CMR,DL,20-073,0.2,0,0,0,,0.0,0.0,,,,0.0,0,0,0.0,0.0,,0.0,0.0,Partidos
508,José Mari,es ESP,"CC,DL",36-099,0.2,0,0,0,,0.0,0.0,,,,0.0,0,0,0.0,0.0,,0.0,0.0,Partidos
509,Milutin Osmajić,me MNE,CC,24-233,0.1,0,2,0,0.0,36.0,0.0,0.0,,12.8,0.0,0,0,0.1,0.1,0.04,-0.1,-0.1,Partidos
510,Moussa Diakité,ml MLI,CC,20-131,0.0,0,0,0,,0.0,0.0,,,,0.0,0,0,0.0,0.0,,0.0,0.0,Partidos
511,Total del equipo,,,29.2,28.0,20,273,82,30.0,9.75,2.93,0.07,0.22,18.2,19.0,2,2,24.3,22.8,0.08,-4.3,-4.8,
512,Total del oponente,,,28.1,28.0,38,374,128,34.2,13.36,4.57,0.1,0.28,18.2,22.0,2,2,38.5,37.0,0.1,-0.5,-1.0,
513,Carlos Neva,es ESP,DF,27-276,25.0,0,3,0,0.0,0.12,0.0,0.0,,20.5,0.0,0,0,0.1,0.1,0.03,-0.1,-0.1,Partidos
514,Ignasi Miquel,es ESP,DF,31-168,25.2,1,20,8,40.0,0.79,0.32,0.05,0.13,11.8,0.0,0,0,1.3,1.3,0.07,-0.3,-0.3,Partidos
515,Myrto Uzuni,al ALB,"DL,CC",28-288,22.4,9,45,18,40.0,2.01,0.8,0.13,0.33,17.4,2.0,3,4,9.9,6.8,0.15,-0.9,-0.8,Partidos
516,Ricard Sánchez,es ESP,DF,24-021,21.9,3,11,4,36.4,0.5,0.18,0.27,0.75,20.5,0.0,0,0,0.5,0.5,0.04,2.5,2.5,Partidos
517,Gerard Gumbau,es ESP,CC,29-087,19.9,0,27,7,25.9,1.36,0.35,0.0,0.0,28.8,5.0,0,0,1.0,1.0,0.04,-1.0,-1.0,Partidos
518,Sergio Ruiz,es ESP,CC,29-089,19.2,0,9,1,11.1,0.47,0.05,0.0,0.0,18.4,0.0,0,0,0.5,0.5,0.06,-0.5,-0.5,Partidos
519,Lucas Boyé,ar ARG,DL,28-015,17.6,3,34,9,26.5,1.93,0.51,0.09,0.33,12.3,0.0,0,0,3.5,3.5,0.1,-0.5,-0.5,Partidos
520,Bryan Zaragoza,es ESP,"CC,DL",22-324,18.2,6,33,18,54.5,1.81,0.99,0.15,0.28,17.7,1.0,1,1,3.8,3.0,0.09,2.2,2.0,Partidos
521,Gonzalo Villar,es ESP,CC,25-357,15.8,1,14,3,21.4,0.89,0.19,0.07,0.33,21.2,0.0,0,0,1.6,1.6,0.12,-0.6,-0.6,Partidos
522,André Ferreira,pt POR,PO,27-290,14.9,0,0,0,,0.0,0.0,,,,0.0,0,0,0.0,0.0,,0.0,0.0,Partidos
523,Óscar Melendo,es ESP,"CC,DL",26-204,10.8,0,6,2,33.3,0.56,0.19,0.0,0.0,14.9,0.0,0,0,0.4,0.4,0.07,-0.4,-0.4,Partidos
524,Raúl Torrente,es ESP,DF,22-185,11.5,0,3,0,0.0,0.26,0.0,0.0,,14.7,0.0,0,0,0.2,0.2,0.05,-0.2,-0.2,Partidos
525,Augusto Batalla,ar ARG,PO,27-319,9.0,0,1,0,0.0,0.11,0.0,0.0,,13.5,0.0,0,0,0.0,0.0,0.02,0.0,0.0,Partidos
526,Miguel Ángel Rubio,es ESP,DF,26-003,8.3,1,4,2,50.0,0.48,0.24,0.25,0.5,9.6,0.0,0,0,0.5,0.5,0.13,0.5,0.5,Partidos
527,José Callejón,es ESP,"CC,DL",37-032,7.1,0,10,4,40.0,1.41,0.57,0.0,0.0,14.2,1.0,0,0,1.0,1.0,0.1,-1.0,-1.0,Partidos
528,Bruno Méndez,uy URU,DF,24-186,6.2,1,5,2,40.0,0.81,0.32,0.2,0.5,13.8,0.0,0,0,0.3,0.3,0.07,0.7,0.7,Partidos
529,Antonio Puertas,es ESP,"CC,DL",32-022,7.0,0,16,4,25.0,2.28,0.57,0.0,0.0,15.1,0.0,0,1,2.3,1.6,0.1,-2.3,-1.6,Partidos
530,Álvaro Carreras,es ESP,"CC,DL",20-357,5.3,0,7,1,14.3,1.33,0.19,0.0,0.0,12.3,0.0,0,0,0.4,0.4,0.06,-0.4,-0.4,Partidos
531,Facundo Pellistri,uy URU,"CC,DL",22-085,4.7,1,7,3,42.9,1.49,0.64,0.14,0.33,11.9,0.0,0,0,1.3,1.3,0.19,-0.3,-0.3,Partidos
532,Martin Hongla,cm CMR,"CC,DF",25-364,3.7,0,2,0,0.0,0.54,0.0,0.0,,17.4,0.0,0,0,0.1,0.1,0.07,-0.1,-0.1,Partidos
533,Raúl Fernández,es ESP,PO,36-001,3.1,0,0,0,,0.0,0.0,,,,0.0,0,0,0.0,0.0,,0.0,0.0,Partidos
534,Kamil Piątkowski,pl POL,DF,23-267,2.9,0,3,2,66.7,1.03,0.69,0.0,0.0,7.8,0.0,0,0,0.7,0.7,0.25,-0.7,-0.7,Partidos
535,Wilson Manafá,pt POR,"DF,CC",29-235,2.7,0,1,0,0.0,0.37,0.0,0.0,,29.4,0.0,0,0,0.0,0.0,0.01,0.0,0.0,Partidos
536,Matias Arezo,uy URU,DL,21-114,2.3,0,7,2,28.6,3.0,0.86,0.0,0.0,17.8,0.0,0,0,0.3,0.3,0.04,-0.3,-0.3,Partidos
537,Víctor Díaz,es ESP,"DF,CC",35-276,1.8,0,0,0,,0.0,0.0,,,,0.0,0,0,0.0,0.0,,0.0,0.0,Partidos
538,Faitout Maouassa,fr FRA,"DF,CC",25-252,1.8,0,4,0,0.0,2.25,0.0,0.0,,19.4,0.0,0,0,0.1,0.1,0.03,-0.1,-0.1,Partidos
539,Jesús Vallejo,es ESP,DF,27-069,1.2,0,0,0,,0.0,0.0,,,,0.0,0,0,0.0,0.0,,0.0,0.0,Partidos
540,Kamil Jóźwiak,pl POL,CC,25-327,1.1,0,2,1,50.0,1.86,0.93,0.0,0.0,20.6,0.0,0,0,0.1,0.1,0.03,-0.1,-0.1,Partidos
541,Samuel Omorodion,es ESP,DL,19-314,0.9,1,3,2,66.7,3.38,2.25,0.33,0.5,8.6,0.0,0,0,0.7,0.7,0.23,0.3,0.3,Partidos
542,Njegoš Petrović,rs SRB,"CC,DL",24-240,1.7,0,2,1,50.0,1.15,0.57,0.0,0.0,31.9,1.0,0,0,0.0,0.0,0.02,0.0,0.0,Partidos
543,Famara Diedhiou,sn SEN,"DL,CC",31-090,1.0,0,5,3,60.0,5.06,3.03,0.0,0.0,18.1,0.0,0,0,0.5,0.5,0.1,-0.5,-0.5,Partidos
544,Shon Weissman,il ISR,DL,28-029,0.9,0,1,0,0.0,1.1,0.0,0.0,,13.1,0.0,0,0,0.0,0.0,0.04,0.0,0.0,Partidos
545,Theo Corbeanu,ca CAN,CC,21-302,0.5,1,3,2,66.7,5.63,3.75,0.33,0.5,22.6,1.0,0,0,0.3,0.3,0.09,0.7,0.7,Partidos
546,Adri Bosch,es ESP,DF,22-279,0.3,0,0,0,,0.0,0.0,,,,0.0,0,0,0.0,0.0,,0.0,0.0,Partidos
547,Alberto Soro,es ESP,CC,25-005,0.1,0,0,0,,0.0,0.0,,,,0.0,0,0,0.0,0.0,,0.0,0.0,Partidos
548,Alberto Perea,es ESP,"CC,DL",33-086,0.0,0,0,0,,0.0,0.0,,,,0.0,0,0,0.0,0.0,,0.0,0.0,Partidos
549,Total del equipo,,,27.4,27.0,28,288,99,34.4,10.67,3.67,0.08,0.24,17.2,11.0,4,6,31.5,26.8,0.09,-3.5,-2.8,
550,Total del oponente,,,27.8,27.0,55,351,140,39.9,13.0,5.19,0.15,0.37,17.9,13.0,3,4,46.2,43.0,0.13,8.8,9.0,
551,Luís Maximiano,pt POR,PO,25-069,25.0,0,0,0,,0.0,0.0,,,,0.0,0,0,0.0,0.0,,0.0,0.0,Partidos
552,Édgar González,es ESP,"DF,CC",26-348,22.1,2,12,3,25.0,0.54,0.14,0.17,0.67,10.3,0.0,0,0,2.2,2.2,0.19,-0.2,-0.2,Partidos
553,Adri Embarba,es ESP,"DL,CC",31-312,19.1,1,40,15,37.5,2.09,0.79,0.03,0.07,25.4,9.0,0,0,2.2,2.2,0.06,-1.2,-1.2,Partidos
554,Lucas Robertone,ar ARG,CC,26-362,18.6,0,30,10,33.3,1.61,0.54,0.0,0.0,28.0,3.0,0,0,0.8,0.8,0.03,-0.8,-0.8,Partidos
555,Dion Lopy,sn SEN,CC,22-041,19.1,0,18,5,27.8,0.94,0.26,0.0,0.0,26.0,0.0,0,0,1.0,1.0,0.06,-1.0,-1.0,Partidos
556,Sergio Arribas,es ESP,"CC,DL",22-166,19.5,6,51,17,33.3,2.62,0.87,0.12,0.35,17.0,1.0,0,0,7.0,7.0,0.14,-1.0,-1.0,Partidos
557,Sergio Akieme,es ESP,DF,26-089,18.6,2,9,5,55.6,0.48,0.27,0.22,0.4,17.4,0.0,0,0,1.2,1.2,0.13,0.8,0.8,Partidos
558,Juan Brandáriz,es ESP,DF,25-012,18.5,0,2,0,0.0,0.11,0.0,0.0,,24.1,0.0,0,0,0.1,0.1,0.03,-0.1,-0.1,Partidos
559,Iddrisu Baba,gh GHA,CC,28-052,15.3,0,8,2,25.0,0.52,0.13,0.0,0.0,25.6,0.0,0,0,0.7,0.7,0.09,-0.7,-0.7,Partidos
560,Largie Ramazani,be BEL,"DL,CC",23-016,14.7,3,34,11,32.4,2.31,0.75,0.09,0.27,17.5,1.0,0,0,4.0,4.0,0.12,-1.0,-1.0,Partidos
561,Léo Baptistão,br BRA,DL,31-201,13.6,4,33,11,33.3,2.42,0.81,0.12,0.36,17.5,0.0,0,0,3.7,3.7,0.11,0.3,0.3,Partidos
562,César Montes,mx MEX,DF,27-019,13.0,0,8,1,12.5,0.62,0.08,0.0,0.0,11.0,0.0,0,0,0.5,0.5,0.06,-0.5,-0.5,Partidos
563,Pubill,es ESP,DF,20-268,12.2,1,11,2,18.2,0.9,0.16,0.09,0.5,21.3,0.0,0,0,0.4,0.4,0.04,0.6,0.6,Partidos
564,Gonzalo Melero,es ESP,"CC,DL",30-072,10.3,0,12,3,25.0,1.16,0.29,0.0,0.0,11.2,0.0,0,0,1.7,1.7,0.15,-1.7,-1.7,Partidos
565,Alejandro Pozo Pozo,es ESP,"DF,CC",25-021,9.4,0,4,3,75.0,0.43,0.32,0.0,0.0,23.3,0.0,0,0,0.4,0.4,0.1,-0.4,-0.4,Partidos
566,Luis Javier Suárez,co COL,"DL,CC",26-103,8.0,4,31,11,35.5,3.89,1.38,0.1,0.27,14.3,0.0,1,1,5.5,4.7,0.15,-1.5,-1.7,Partidos
567,Álex Centelles,es ESP,DF,26-127,5.9,0,2,1,50.0,0.34,0.17,0.0,0.0,21.2,0.0,0,0,0.0,0.0,0.02,0.0,0.0,Partidos
568,Kaiky,br BRA,DF,20-062,5.8,1,3,1,33.3,0.52,0.17,0.33,1.0,11.4,0.0,0,0,0.2,0.2,0.08,0.8,0.8,Partidos
569,Aleksandar Radovanović,rs SRB,DF,30-124,4.8,0,1,0,0.0,0.21,0.0,0.0,,10.5,0.0,0,0,0.0,0.0,0.04,0.0,0.0,Partidos
570,Anthony Lozano,hn HON,DL,30-324,4.1,0,8,2,25.0,1.94,0.49,0.0,0.0,13.3,0.0,0,0,1.0,1.0,0.12,-1.0,-1.0,Partidos
571,Houboulang Mendes,gw GNB,DF,25-315,4.4,0,1,0,0.0,0.23,0.0,0.0,,23.2,0.0,0,0,0.0,0.0,0.01,0.0,0.0,Partidos
572,Jonathan Viera,es ESP,CC,34-145,3.2,0,2,0,0.0,0.62,0.0,0.0,,15.3,0.0,0,0,0.5,0.5,0.23,-0.5,-0.5,Partidos
573,Bruno Langa,mz MOZ,DF,26-135,3.0,0,2,0,0.0,0.67,0.0,0.0,,23.2,0.0,0,0,0.0,0.0,0.02,0.0,0.0,Partidos
574,Arnau Puigmal,es ESP,"DL,DF",23-064,2.8,0,0,0,,0.0,0.0,,,,0.0,0,0,0.0,0.0,,0.0,0.0,Partidos
575,Luka Romero,ar ARG,DL,19-117,2.4,2,5,2,40.0,2.05,0.82,0.4,1.0,17.0,0.0,0,0,0.4,0.4,0.08,1.6,1.6,Partidos
576,Lázaro,br BRA,"DL,CC",22-002,3.2,0,8,4,50.0,2.53,1.26,0.0,0.0,18.3,0.0,0,0,0.9,0.9,0.11,-0.9,-0.9,Partidos
577,Ibrahima Koné,ml MLI,DL,24-272,2.9,0,3,2,66.7,1.03,0.69,0.0,0.0,13.6,0.0,0,0,0.4,0.4,0.12,-0.4,-0.4,Partidos
578,Fernando,es ESP,PO,33-278,2.0,0,0,0,,0.0,0.0,,,,0.0,0,0,0.0,0.0,,0.0,0.0,Partidos
579,Marko Milovanović,rs SRB,"DL,CC",20-223,2.6,1,4,1,25.0,1.56,0.39,0.25,1.0,14.9,0.0,0,0,1.5,1.5,0.38,-0.5,-0.5,Partidos
580,Srđan Babić,rs SRB,DF,27-327,1.0,0,1,0,0.0,1.0,0.0,0.0,,11.6,0.0,0,0,0.0,0.0,0.04,0.0,0.0,Partidos
581,Diego Mariño,es ESP,PO,33-310,1.0,0,0,0,,0.0,0.0,,,,0.0,0,0,0.0,0.0,,0.0,0.0,Partidos
582,Marciano Sanca,gw GNB,"DL,CC",20-011,0.5,0,1,0,0.0,2.09,0.0,0.0,,22.7,0.0,0,0,0.0,0.0,0.03,0.0,0.0,Partidos
583,Rachad Fettal,ma MAR,DL,19-058,0.2,0,1,0,0.0,5.29,0.0,0.0,,,,0,0,,,,,,Partidos
584,Total del equipo,,,26.1,28.0,27,345,112,32.5,12.32,4.0,0.08,0.23,19.0,14.0,1,1,35.5,34.8,0.1,-8.5,-8.8,
585,Total del oponente,,,27.7,28.0,57,423,137,32.4,15.11,4.89,0.12,0.37,15.9,13.0,6,9,47.6,40.6,0.1,9.4,10.4,
